ASIN,MARKETPLACE,BRAND_NAME,ORGANIC_UNITS_SOLD,SALE_PRICE_EUR
B074VWN2SN,PL,H&S,1.2432432432432432,2.7340312055675677
B00C01Z4BC,PL,H&S,0.8571428571428571,3.233591671714286
B07S5JTFYG,UK,H&S,1.0657894736842106,3.4403184502894733
B0788Z6RBV,PL,H&S,1.0,3.563532799875
B07S5KW5WQ,UK,H&S,6.895348837209302,3.630111245046512
B07S732NKF,UK,H&S,4.848837209302325,3.6707691100930235
B07JHGCQPR,UK,H&S,10.034883720930232,3.7588795419069765
B07D25PJS4,UK,H&S,12.5,3.7588795419069765
B07GZ9GH8T,UK,H&S,5.505747126436781,3.76504980770115
B00C01Z4BC,UK,H&S,1.3975903614457832,3.7689309126506023
B074VWN2SN,UK,H&S,5.329411764705882,3.8358881166235292
B07JHGCQPR,US,H&S,0.6923076923076923,3.9955589462307697
B01NAHVSFS,UK,H&S,2.5232558139534884,4.05264936322093
B074VWN2SN,DE,H&S,0.625,4.115
B00C01Z4BC,US,H&S,1.7903225806451613,4.181517952661291
B072JVLVPM,DE,H&S,1.25,4.24
B0788Z6RBV,DE,H&S,17.41176470588235,4.248823529411765
B00C01Z4BC,DE,H&S,1.15,4.2525
B07JHGCQPR,ES,H&S,0.640625,4.29
B0721JH8PH,DE,H&S,1.0425531914893618,4.309148936170213
B07DW4QJX7,US,H&S,0.5517241379310345,4.408470806413794
B07GTRCT4Z,UK,H&S,5.35632183908046,4.53334943991954
B07KV8NYBN,UK,H&S,13.811764705882354,4.610253952117647
B07RSR4B12,UK,H&S,3.9411764705882355,4.617007514623529
B07MVH416B,UK,H&S,1.0675675675675675,4.622451409162162
B07FW3X7CQ,UK,H&S,4.746987951807229,4.623492063698795
B07N8BLMZ7,UK,H&S,16.686046511627907,4.624100545255814
B0788Z6RBV,UK,H&S,12.930232558139535,4.624100545255814
B01MSWBUX5,UK,H&S,6.453488372093023,4.624100545255814
B07W51S61C,UK,H&S,3.1511627906976742,4.624100545255814
B07RD69YX8,UK,H&S,36.45977011494253,4.62434003291954
B07TKCV8HT,UK,H&S,6.223529411764706,4.6319596975764705
B01DSCC1Y4,DE,Tritart,1.8363636363636364,4.662727272727272
B07KV8NYBN,DE,H&S,3.108433734939759,4.68
B0739F745J,UK,H&S,2.5647058823529414,4.684637485035294
B07RSR4B12,US,H&S,0.7,4.726429740575
B07DW2WX4N,US,H&S,0.14285714285714285,4.7421975928775515
B07DW2WX4N,IT,H&S,1.25,4.78
B07GN1J9RV,UK,H&S,19.0609756097561,4.793446771365854
B074VWN2SN,US,H&S,0.3333333333333333,4.796542592644444
B07D25PJS4,DE,H&S,1.032258064516129,4.841612903225807
B07RQJJ9VX,US,H&S,1.0365853658536586,4.860502376585366
B01MSWBUX5,US,H&S,0.8115942028985508,4.862978744521739
B06Y4ND43F,UK,H&S,10.705882352941176,4.901977975964706
B07VNGCG2J,UK,H&S,19.232558139534884,4.904451918930232
B07FMDHYCK,UK,H&S,14.313953488372093,4.917801984209302
B07FQ4RB6V,UK,H&S,15.674418604651162,4.917801984209302
B07RQJJ9VX,UK,H&S,8.08235294117647,4.921012172588235
B07WTXZ2JC,UK,H&S,2.0588235294117645,4.921765049352941
B01MY6R11P,UK,H&S,8.418604651162791,4.924477016918605
B07GZ9GH8T,US,H&S,1.4878048780487805,4.934822873560975
B07W51S61C,US,H&S,1.0,4.960734454000001
B07GTRCT4Z,US,H&S,1.72,4.9676729752533335
B072JVLVPM,UK,H&S,11.847058823529412,4.971513724682353
B07N8BLMZ7,ES,H&S,0.5172413793103449,4.99
B07WTXZ2JC,DE,H&S,5.470588235294118,4.99
B07G57DPXZ,DE,H&S,1.425,5.0025
B015FX4ZZ2,DE,Espring,1.543859649122807,5.007543859649123
B07RSR4B12,DE,H&S,1.4883720930232558,5.00860465116279
B07VYSNNPT,DE,Tritart,0.7619047619047619,5.066190476190476
B073D5CMT8,DE,Tritart,4.153846153846154,5.070769230769231
B07D72GCWP,US,H&S,0.5660377358490566,5.15172941464151
B00DHPM6GG,US,H&S,4.4655172413793105,5.1831351325
B07PPM6WDZ,US,H&S,1.2653061224489797,5.201387914489795
B07WP6Y8XZ,UK,H&S,2.972972972972973,5.20462545345946
B07RLJBB1N,DE,H&S,1.631578947368421,5.209298245614035
B06W2GK4N9,UK,H&S,14.773809523809524,5.2333943633809525
B01H2A42C2,DE,Espring,0.53125,5.233750000000001
B06XRQ33CC,DE,H&S,3.2098765432098766,5.236913580246913
B0788Z6RBV,ES,H&S,4.0,5.317586206896552
B07N8BLMZ7,DE,H&S,0.3902439024390244,5.319268292682927
B0788Z6RBV,FR,H&S,7.517647058823529,5.342941176470589
B074LTCT6C,US,Tritart,8.545454545454545,5.360968691352273
B072LXQPCH,UK,H&S,30.776470588235295,5.387990750694118
B01MY6R11P,US,H&S,1.280701754385965,5.398714919912281
B07S5KW5WQ,US,H&S,0.4482758620689655,5.419372122206897
B07JWL5DHB,UK,H&S,6.9411764705882355,5.42848539462353
B07GTF236R,US,H&S,1.7375,5.4414803900875
B07QV6S7N3,UK,H&S,12.813953488372093,5.443356294348837
B07TQS7PDP,US,H&S,0.5,5.4722424105
B07WTXZ2JC,US,H&S,0.8888888888888888,5.476342790777777
B00C01Z4BC,ES,H&S,0.20833333333333334,5.489999999999999
B07KV8NYBN,ES,H&S,0.3880597014925373,5.49
B07GZ9GH8T,DE,H&S,4.870588235294117,5.49
B01HXVPJ68,IT,Espring,0.75,5.5
B072LXQPCH,US,H&S,0.25,5.529345796625
B078X4KLL3,US,H&S,0.375,5.560829900750001
B06Y6F2W4Z,UK,H&S,27.3953488372093,5.585064363244187
B07S5KW5WQ,DE,H&S,0.352112676056338,5.59
B07D72GCWP,DE,H&S,2.231707317073171,5.611951219512195
B01MSWBUX5,DE,H&S,0.72,5.63
B07TQS7PDP,UK,H&S,11.905882352941177,5.669531755188236
B07BMZGV4Z,UK,H&S,32.96470588235294,5.688166555564706
B073ZQFKV4,US,H&S,19.308823529411764,5.699390191602941
B07JZD2S4S,UK,H&S,1.4155844155844155,5.757782779753247
B07VNGCG2J,US,H&S,1.8705882352941177,5.771272406141176
B07TN75FC1,UK,H&S,16.240963855421686,5.782081155975904
B078X4KLL3,UK,H&S,4.273809523809524,5.7824025746666665
B07D72GCWP,UK,H&S,1.2222222222222223,5.782402574666667
B07DW4QJX7,UK,H&S,13.529411764705882,5.782716430564706
B07DW2WX4N,UK,H&S,6.906976744186046,5.783022987488372
B06XRQ33CC,UK,H&S,9.337209302325581,5.783022987488372
B00DHPM6GG,UK,H&S,4.790697674418604,5.783022987488372
B07RLJBB1N,UK,H&S,2.6511627906976742,5.783022987488372
B07G57DPXZ,UK,H&S,5.290697674418604,5.783022987488372
B07DPRTTQ9,UK,H&S,7.811764705882353,5.783657998258824
B07F1WVSWR,UK,H&S,1.6941176470588235,5.789469993070588
B07D72GCWP,ES,H&S,0.6712328767123288,5.79
B07JHNHW2K,US,H&S,3.302325581395349,5.797016267639535
B07N8BLMZ7,US,H&S,1.5172413793103448,5.820998644706897
B072JVLVPM,US,H&S,2.2195121951219514,5.847286841853658
B07QV6S7N3,US,H&S,0.7692307692307693,5.8476740330000005
B07G57DPXZ,US,H&S,2.202247191011236,5.897301023123596
B07TDLK5W3,US,H&S,2.557377049180328,5.905532776819673
B06Y4XSC22,UK,H&S,46.901234567901234,5.962403967197531
B00C01Z4BC,IT,H&S,0.14285714285714285,5.99
B07GTRCT4Z,DE,H&S,0.9,5.99
B01DSCC1Y4,ES,Tritart,1.0,5.99
B07JHGCQPR,FR,H&S,1.0597014925373134,5.99
B08WWYSXLJ,ES,Tritart,1.0,5.99
B0788Z6RBV,US,H&S,2.4423076923076925,6.016085743923076
B015FX4ZZ2,ES,Espring,0.14814814814814814,6.027037037037037
B0721JH8PH,UK,H&S,2.0256410256410255,6.041121311320513
B07PPM6WDZ,UK,H&S,4.0843373493975905,6.073529968024097
B01MSWBUX5,ES,H&S,1.4444444444444444,6.078888888888889
B015FX4ZZ2,FR,Espring,0.8243243243243243,6.104864864864865
B01N8XWTUI,UK,H&S,47.42857142857143,6.112763142416666
B07DZHXPL6,PL,H&S,0.5357142857142857,6.124070481964286
B08Q44G5ZH,DE,Tritart,0.6818181818181818,6.126363636363636
B07JZD2S4S,DE,H&S,0.35714285714285715,6.1292857142857144
B0788Z6RBV,IT,H&S,2.6511627906976742,6.12953488372093
B015FX4ZZ2,IT,Espring,0.34782608695652173,6.142173913043479
B06W2GK4N9,US,H&S,2.15,6.1860643414
B07GKV4789,PL,H&S,0.3793103448275862,6.211444857310346
B0739F745J,US,H&S,0.0,6.218408875333334
B07JZD2S4S,ES,H&S,0.8461538461538461,6.220769230769231
B01DSCC1Y4,IT,Tritart,1.0,6.24
B01MSQQLCE,ES,Espring,0.0,6.253333333333333
B08Q449TCF,DE,Tritart,0.36363636363636365,6.25969696969697
B07VNGCG2J,DE,H&S,0.5645161290322581,6.264193548387096
B07JHGCQPR,DE,H&S,0.15625,6.265000000000001
B07KV8NYBN,FR,H&S,1.4047619047619047,6.29
B078X394PF,UK,H&S,11.011494252873563,6.300387127908047
B072Q35687,US,H&S,0.851063829787234,6.306944374361702
B08Q43R7MK,DE,Tritart,3.2790697674418605,6.356279069767441
B01MY6R11P,DE,H&S,0.16666666666666666,6.3566666666666665
B06XRQ33CC,US,H&S,0.8656716417910447,6.372250121283582
B01N8XWTUI,US,H&S,2.025,6.3764510327
B06Y4ND43F,US,H&S,1.0476190476190477,6.3782738430476185
B01N8XWTUI,DE,H&S,2.3048780487804876,6.392439024390245
B01NAHVSFS,US,H&S,0.1111111111111111,6.411087882037037
B01H723G6S,DE,Espring,0.7323943661971831,6.412535211267606
B07JHNHW2K,DE,H&S,14.256410256410257,6.424615384615385
B07DW4QJX7,DE,H&S,0.5263157894736842,6.437368421052632
B06WD53P6D,US,H&S,1.5,6.453009096800001
B01MY6R11P,FR,H&S,1.1458333333333333,6.483750000000001
B07D25PJS4,ES,H&S,0.9166666666666666,6.489999999999999
B07G57DPXZ,ES,H&S,0.5675675675675675,6.49
B078X394PF,DE,H&S,1.0,6.49
B07D25PJS4,FR,H&S,0.5714285714285714,6.49
B01JXX9960,DE,H&S,4.116883116883117,6.49
B07BMZGV4Z,DE,H&S,1.0,6.49
B00C01Z4BC,FR,H&S,0.35185185185185186,6.490000000000001
B08Q3CP2J5,DE,Tritart,2.776470588235294,6.495882352941176
B072LXQPCH,DE,H&S,0.6511627906976745,6.524883720930233
B01DSCC1Y4,PL,Tritart,0.125,6.554518392
B07TKCV8HT,US,H&S,0.6071428571428571,6.573780491321429
B01JP1QDKU,US,Espring,2.1264367816091956,6.590728811977012
B0721JH8PH,US,H&S,0.2857142857142857,6.592483418857142
B07QV6S7N3,DE,H&S,1.588235294117647,6.625294117647059
B0721JH8PH,ES,H&S,0.2857142857142857,6.632857142857143
B07NTY3D93,IT,Tritart,1.0,6.658823529411765
B01N0M6HK5,IT,Espring,0.0,6.695
B07RLJBB1N,US,H&S,0.810126582278481,6.702037181291138
B074VWN2SN,ES,H&S,1.0,6.710000000000001
B072Q35687,UK,H&S,3.2470588235294118,6.736140199929412
B07JHNHW2K,ES,H&S,1.4426229508196722,6.758852459016393
B07CKHXWR9,DE,H&S,0.3114754098360656,6.768688524590163
B08Q449TCF,ES,Tritart,0.041666666666666664,6.789166666666667
B07JZD2S4S,FR,H&S,0.25,6.80875
B07NTY3D93,DE,Tritart,0.2926829268292683,6.819268292682928
B07JWL5DHB,DE,H&S,1.9473684210526316,6.828157894736843
B07VYSNNPT,ES,Tritart,0.14285714285714285,6.847142857142857
B08299Z7PM,DE,Tritart,0.08695652173913043,6.859565217391305
B06XS97SKH,US,H&S,1.2318840579710144,6.864998865623188
B07JHGCQPR,IT,H&S,0.45,6.889999999999999
B07RLM8RRX,DE,Espring,0.8823529411764706,6.904705882352941
B07CNDR86T,UK,H&S,3.7294117647058824,6.941577438870588
B07CG63DK7,UK,H&S,3.6823529411764704,6.941577438870588
B073TRQQQT,UK,H&S,7.127906976744186,6.941945430046512
B06Y51KHKW,UK,H&S,2.546511627906977,6.941945430046512
B07TDLK5W3,UK,H&S,3.9069767441860463,6.941945430046512
B073ZQFKV4,UK,H&S,8.767441860465116,6.941945430046512
B078PYYXBH,UK,H&S,13.720930232558139,6.948620462755814
B01MY6R11P,IT,H&S,0.22580645161290322,6.9803225806451605
B07V4G5TJK,DE,Espring,0.0,6.989999999999999
B07GN1J9RV,DE,H&S,0.36923076923076925,6.99
B07FMDHYCK,DE,H&S,0.5714285714285714,6.99
B09LVD6J4C,DE,Espring,1.0,6.99
B09LVF7X3D,DE,Espring,0.7906976744186046,6.99
B09LVD7TV4,DE,Espring,1.3846153846153846,6.99
B09LVD47W6,DE,Espring,0.4473684210526316,6.99
B01MSWBUX5,FR,H&S,0.14285714285714285,6.99
B07DK6L9N7,DE,H&S,1.0,6.99
B09LVB5HM6,DE,Espring,0.5192307692307693,6.99
B09LVCLKB2,DE,Espring,0.3373493975903614,6.990000000000001
B07DLMXHM1,UK,H&S,23.238095238095237,7.002232183880953
B07SYKTLG9,DE,Espring,0.12698412698412698,7.005873015873016
B074LTCT6C,UK,Tritart,0.9107142857142857,7.011565355178571
B073TRQQQT,US,H&S,3.630952380952381,7.014437446892858
B07JHNHW2K,UK,H&S,19.61627906976744,7.046075940372093
B01MSWBUX5,IT,H&S,0.13793103448275862,7.058965517241379
B08Q43R7MK,ES,Tritart,1.1176470588235294,7.078235294117647
B0721JH8PH,FR,H&S,0.5555555555555556,7.095555555555555
B01JXX9960,US,H&S,0.5192307692307693,7.143261253211539
B06Y4ND43F,DE,H&S,0.7058823529411765,7.19
B07D26LYLH,UK,H&S,5.2784810126582276,7.20806414407595
B08Q43R7MK,FR,Tritart,0.12195121951219512,7.244390243902439
B01LIQ82OA,DE,Tritart,5.458823529411765,7.260588235294118
B07PPM6WDZ,ES,H&S,0.9591836734693877,7.263469387755102
B07RSR4B12,FR,H&S,0.14,7.27
B06Y51KHKW,US,H&S,0.34210526315789475,7.2753781175526315
B08Q449TCF,IT,Tritart,0.13513513513513514,7.287297297297298
B07DPRTTQ9,DE,H&S,0.8048780487804879,7.287560975609757
B014TDD6P4,FR,Espring,0.09259259259259259,7.287777777777778
B07G57DPXZ,FR,H&S,1.0,7.29
B07RSR4B12,ES,H&S,0.29411764705882354,7.29
B074VWN2SN,FR,H&S,0.05,7.290000000000001
B085H4Z36Y,DE,Tritart,3.1538461538461537,7.297692307692308
B01M717W8W,FR,Espring,0.6153846153846154,7.297692307692308
B07CPD18VZ,DE,H&S,0.38235294117647056,7.313529411764706
B07CKHXWR9,US,H&S,0.16666666666666666,7.317391298
B00BVUIVYU,US,H&S,1.2608695652173914,7.325803891855073
B07DW2WX4N,DE,H&S,0.11764705882352941,7.342941176470588
B06WD53P6D,UK,H&S,8.209302325581396,7.375115422232559
B07DZ9L7KS,UK,H&S,2.5294117647058822,7.379843548611765
B073TRQQQT,DE,H&S,0.6666666666666666,7.389999999999999
B08Q43R7MK,IT,Tritart,1.44,7.405600000000001
B07JZD2S4S,US,H&S,0.0,7.4089731663333325
B06Y6F2W4Z,DE,H&S,0.6666666666666666,7.4090476190476195
B074SXX9J9,PL,Tritart,0.625,7.42303201275
B08Q449TCF,FR,Tritart,0.12903225806451613,7.473870967741935
B07TQS7PDP,DE,H&S,1.1506849315068493,7.489999999999999
B07GZ9GH8T,ES,H&S,0.11764705882352941,7.49
B07GZ9GH8T,FR,H&S,0.41025641025641024,7.49
B07WTXZ2JC,FR,H&S,0.09090909090909091,7.49
B07WTXZ2JC,ES,H&S,0.5,7.49
B07N8BLMZ7,IT,H&S,0.29411764705882354,7.49
B01NAHVSFS,DE,H&S,0.0,7.49
B07QV6S7N3,ES,H&S,0.4925373134328358,7.49
B07S5KW5WQ,FR,H&S,0.8666666666666667,7.49
B07S5KW5WQ,IT,H&S,0.13333333333333333,7.49
B07D25PJS4,IT,H&S,0.08,7.49
B073D5CMT8,ES,Tritart,1.0,7.515000000000001
B01IRAN2R2,ES,Espring,0.2,7.5174
B018OMJGCS,UK,H&S,13.162790697674419,7.5347567167441865
B07PPM6WDZ,DE,H&S,0.75,7.536875
B01MY6R11P,ES,H&S,0.6363636363636364,7.553636363636364
B06Y4JMTWV,DE,H&S,1.3513513513513513,7.557567567567568
B07W51S61C,DE,H&S,2.5921052631578947,7.582105263157895
B01N6RJ6VB,US,H&S,1.18,7.58894840006
B07S5KW5WQ,ES,H&S,0.9411764705882353,7.59
B014TDD6P4,ES,Espring,0.15151515151515152,7.6066666666666665
B01IRAN2R2,FR,Espring,1.7,7.636666666666667
B00K1Q9HIE,US,H&S,0.55,7.648461465325001
B07TN75FC1,US,H&S,3.1025641025641026,7.664715311051282
B07DPRTTQ9,US,H&S,0.8636363636363636,7.699328806590909
B01MXVFWJM,US,H&S,2.1,7.721198858775
B06XRLHD1L,DE,Espring,0.0,7.723333333333334
B07JZD2S4S,IT,H&S,1.0,7.723333333333334
B07D72GCWP,IT,H&S,0.12903225806451613,7.751290322580645
B01NATTRD3,PL,H&S,1.1,7.7650319015
B072LXQPCH,ES,H&S,0.046875,7.79
B07CG63DK7,DE,H&S,1.25,7.79
B01FWEBV6K,IT,Espring,0.5,7.8
B078PYYXBH,DE,H&S,0.6363636363636364,7.808181818181819
B01N5EAVIA,DE,Tritart,1.364864864864865,7.81972972972973
B07GTF236R,DE,H&S,0.5111111111111111,7.834444444444444
B016LHY28G,PL,H&S,0.8333333333333334,7.841709406333333
B0791GDKBP,US,H&S,1.379746835443038,7.848120364772153
B07DZHXPL6,UK,H&S,15.235294117647058,7.868666245447058
B07SYKTLG9,ES,Espring,0.0,7.89
B07DW7R9V8,US,H&S,4.425925925925926,7.907749315481482
B06Y4JMTWV,UK,H&S,3.5764705882352943,7.93721891462353
B07DPRTTQ9,FR,H&S,1.3333333333333333,7.94
B018I2NCBA,ES,Espring,0.7808219178082192,7.9626027397260275
B07VNGCG2J,FR,H&S,0.5555555555555556,7.989999999999999
B07DW2WX4N,ES,H&S,0.28169014084507044,7.989999999999999
B07DLMXHM1,DE,H&S,1.0,7.99
B07W51S61C,ES,H&S,0.10526315789473684,7.99
B07FMDHYCK,ES,H&S,0.15384615384615385,7.99
B07VVLJ12R,DE,Tritart,0.35714285714285715,7.99
B07QV6S7N3,FR,H&S,0.46938775510204084,7.99
B07FQ4RB6V,FR,H&S,1.0,7.99
B07KV8NYBN,IT,H&S,0.5625,7.99
B07TN75FC1,IT,H&S,8.604651162790697,7.99
B07FMDHYCK,FR,H&S,1.0,7.99
B01IRAN2R2,IT,Espring,0.7951807228915663,8.003855421686747
B0721JH8PH,IT,H&S,0.3333333333333333,8.027037037037037
B07WDCV13B,DE,Tritart,0.5849056603773585,8.054150943396227
B01KKAWI72,IT,Espring,1.1612903225806452,8.054516129032258
B07TDLK5W3,DE,H&S,1.2166666666666666,8.058333333333334
B07DZHXPL6,DE,H&S,11.395348837209303,8.059767441860465
B073ZQFKV4,FR,H&S,0.3018867924528302,8.065471698113209
B07PZW2DH7,UK,Tritart,2.2976190476190474,8.069929364166667
B01N8XWTUI,ES,H&S,0.3333333333333333,8.09
B07GTRCT4Z,ES,H&S,0.1111111111111111,8.09
B07TDLK5W3,ES,H&S,0.2558139534883721,8.09232558139535
B07GTF236R,UK,H&S,5.023529411764706,8.10043844717647
B07D72GCWP,FR,H&S,0.3,8.12
B01HZDQ5Q2,PL,Espring,1.0,8.134268418
B08Q46SPCB,DE,Tritart,0.43137254901960786,8.146862745098039
B07TN75FC1,ES,H&S,2.5632183908045976,8.147471264367816
B01IRAN2R2,DE,Espring,0.4383561643835616,8.157123287671233
B072HKHJJS,US,Tritart,2.642857142857143,8.22500763057143
B072Q35687,DE,H&S,1.0909090909090908,8.226363636363637
B00BVUIVYU,DE,H&S,11.279069767441861,8.230697674418606
B018OMJGCS,US,H&S,2.0,8.234271281625
B07CG63DK7,US,H&S,0.14285714285714285,8.237446792428571
B07VYSNNPT,FR,Tritart,0.125,8.24
B09Q3B7KNC,US,Espring,0.06779661016949153,8.243265418084746
B07T5CJDQ7,DE,Espring,0.7272727272727273,8.244545454545454
B019XU7QLS,DE,Espring,1.135135135135135,8.26027027027027
B08Q3CP2J5,ES,Tritart,0.48717948717948717,8.288717948717949
B07DZHXPL6,ES,H&S,6.333333333333333,8.300344827586207
B01MSWD3MC,US,H&S,2.824324324324324,8.31535475841892
B08299Z7PM,FR,Tritart,0.0,8.31909090909091
B07V2NRTWB,DE,Tritart,0.6666666666666666,8.323333333333332
B088RHXFJ4,US,Espring,0.23170731707317074,8.323884512170732
B07CNDR86T,US,H&S,0.3333333333333333,8.324791852333332
B08X1Q96MN,ES,Tritart,1.2857142857142858,8.332857142857142
B00BVUIVYU,UK,H&S,5.694117647058824,8.346963133905883
B06Y4S6ZCP,US,H&S,2.5,8.352281327458334
B078X5N2K1,PL,H&S,0.6206896551724138,8.354520606482758
B07GKV4789,US,H&S,0.7377049180327869,8.355284913344262
B07TN75FC1,FR,H&S,4.114942528735632,8.39
B01LIQ82OA,ES,Tritart,1.7471264367816093,8.403793103448276
B07PPM6WDZ,IT,H&S,0.2962962962962963,8.43074074074074
B09M77GSNH,DE,Espring,0.4925373134328358,8.437761194029852
B01991A32K,DE,Espring,2.1451612903225805,8.441612903225806
B0847TF6T1,DE,Espring,0.3617021276595745,8.46872340425532
B01JXX9960,UK,H&S,19.3953488372093,8.480009730209304
B01N5EAVIA,ES,Tritart,1.105263157894737,8.49
B07CG63DK7,ES,H&S,1.0,8.49
B07CNDR86T,DE,H&S,0.8333333333333334,8.49
B07TQS7PDP,FR,H&S,0.8333333333333334,8.49
B074VWN2SN,IT,H&S,0.058823529411764705,8.49
B07TQS7PDP,ES,H&S,1.0136986301369864,8.49
B07RSR4B12,IT,H&S,0.0,8.49
B07QV6S7N3,IT,H&S,0.38095238095238093,8.49
B07CPD18VZ,ES,H&S,0.0,8.49
B0791GDKBP,DE,H&S,4.265060240963855,8.49
B07FMDHYCK,IT,H&S,0.27450980392156865,8.49
B07DW4QJX7,ES,H&S,0.1590909090909091,8.49
B08Q3BSVTM,DE,Tritart,0.3333333333333333,8.502820512820513
B01MSQQLCE,FR,Espring,0.21875,8.5075
B0829B5PR6,DE,Tritart,0.8421052631578947,8.516315789473685
B09M77GSNH,ES,Espring,1.0,8.516521739130434
B07V6LNFZQ,DE,Espring,2.0,8.523333333333333
B07BMZGV4Z,US,H&S,0.4782608695652174,8.54982352426087
B01LIQ82OA,IT,Tritart,0.5223880597014925,8.557164179104479
B0847THKYH,DE,Espring,0.7901234567901234,8.578888888888889
B06Y4JMTWV,FR,H&S,0.38636363636363635,8.58090909090909
B07G57DPXZ,IT,H&S,0.07407407407407407,8.59
B01M717W8W,ES,Espring,0.0,8.59
B07PPM6WDZ,FR,H&S,1.0,8.590000000000002
B01GK3YTG6,DE,Espring,1.4415584415584415,8.613376623376624
B01AM85KWW,ES,Espring,0.0,8.621219512195122
B01NBTJL36,DE,H&S,3.9058823529411764,8.625294117647059
B07V6LYQKK,DE,Espring,0.40425531914893614,8.628297872340426
B01991A32K,ES,Espring,0.8076923076923077,8.655384615384616
B07V2B55JH,DE,Espring,0.5,8.666470588235295
B08B8GDLSH,US,Espring,0.5625,8.66840296225
B01N5EAVIA,IT,Tritart,1.0,8.67
B07WJNGG8J,DE,Tritart,0.9545454545454546,8.728636363636364
B06Y6F2W4Z,ES,H&S,0.30952380952380953,8.74
B06Y4ND4LX,DE,H&S,2.73972602739726,8.777671232876711
B07PNX2XJF,DE,Tritart,0.9444444444444444,8.784444444444444
B09LVDNG6S,ES,Espring,0.42857142857142855,8.8
B01HXX8RVA,US,Espring,0.515625,8.832127127718751
B00K1Q9HIE,UK,H&S,34.5632183908046,8.834291102114943
B07NTY3D93,FR,Tritart,0.06666666666666667,8.836666666666668
B07TN75FC1,DE,H&S,18.488372093023255,8.862093023255813
B0144EOR7E,IT,Espring,0.38461538461538464,8.866923076923078
B01IRAN2R2,US,Espring,0.14583333333333334,8.870912068458333
B019Y5U1G4,DE,Espring,2.604651162790698,8.87953488372093
B07V3FZDD1,DE,Espring,0.7727272727272727,8.899090909090908
B01AM85KWW,FR,Espring,0.21739130434782608,8.901304347826088
B01LWJRCVJ,US,Espring,0.72,8.921080097599999
B083KBDRSW,US,Tritart,0.21428571428571427,8.944409714517857
B07QQVMXW5,DE,Tritart,0.5294117647058824,8.966470588235294
B07DW7R9V8,UK,H&S,14.023529411764706,8.968896267658824
B07CKHXWR9,FR,H&S,0.4857142857142857,8.969999999999999
B07TN75FC1,PL,H&S,0.0,8.976888679909091
B07TQS7PDP,IT,H&S,1.1267605633802817,8.99
B07GTRCT4Z,IT,H&S,0.125,8.99
B07GTRCT4Z,FR,H&S,0.47058823529411764,8.99
B01NAHVSFS,FR,H&S,1.0,8.99
B01JXX9960,ES,H&S,1.6341463414634145,8.99
B07GN1J9RV,IT,H&S,0.23529411764705882,8.99
B07DPRTTQ9,ES,H&S,1.0,8.99
B06WD53P6D,ES,H&S,0.4117647058823529,8.99
B07CG63DK7,IT,H&S,1.0,8.99
B07DK6L9N7,ES,H&S,1.3333333333333333,8.99
B07CPD18VZ,FR,H&S,0.5409836065573771,8.99
B07WTXZ2JC,IT,H&S,0.06060606060606061,8.99
B07DW7R9V8,DE,H&S,2.3684210526315788,8.99
B014TDD94W,DE,Espring,0.7192982456140351,8.990000000000002
B07VYRT4T5,DE,Tritart,0.9583333333333334,9.060833333333333
B07SYKTLG9,FR,Espring,0.04,9.0692
B078PYYXBH,IT,H&S,0.875,9.09
B07W51S61C,IT,H&S,0.0,9.09
B0791GDKBP,UK,H&S,26.11764705882353,9.110721080282353
B07JNHB73C,UK,H&S,17.988372093023255,9.112939596023256
B07WDCV13B,ES,Tritart,0.13114754098360656,9.123442622950819
B01NATTRD3,US,H&S,1.380952380952381,9.12401985802381
B07CPD18VZ,UK,H&S,9.952941176470588,9.13098176762353
B0829B5PR6,IT,Tritart,0.47297297297297297,9.137297297297296
B07XYY42F4,DE,Tritart,4.615384615384615,9.143846153846154
B01CGDQMDM,US,Espring,0.9431818181818182,9.146192691738635
B08N18NFPW,US,Espring,0.65625,9.149543616265625
B01HZDQ5Q2,DE,Espring,0.5370370370370371,9.156666666666668
B07P4362J2,UK,Tritart,0.9491525423728814,9.17712693440678
B07V3FWL34,DE,Espring,0.6533333333333333,9.19
B06Y51KHKW,DE,H&S,1.6470588235294117,9.195882352941176
B01648O8CM,PL,H&S,1.1333333333333333,9.197400230800001
B07CG63DK7,FR,H&S,0.3968253968253968,9.204285714285714
B01N5EAVIA,FR,Tritart,0.5777777777777777,9.216666666666667
B0144EOR7E,ES,Espring,0.8888888888888888,9.22
B07XMCL1C2,PL,Tritart,0.0,9.226361032
B07V6LGKXG,DE,Espring,0.7068965517241379,9.231379310344828
B08Q3MTGFH,DE,Tritart,7.552941176470588,9.237058823529411
B073D5CMT8,FR,Tritart,0.0,9.24
B07DZ9L7KS,US,H&S,0.0,9.240610537666667
B01LIQ82OA,FR,Tritart,2.453488372093023,9.245813953488373
B07DW4QJX7,IT,H&S,0.36666666666666664,9.256666666666666
B07CKHXWR9,UK,H&S,3.9523809523809526,9.258796908333332
B06Y4ND4LX,UK,H&S,13.294117647058824,9.259299455152942
B01G6UPTUI,US,Espring,0.5576923076923077,9.265223713653846
B083KBDRSW,ES,Tritart,1.0476190476190477,9.275714285714285
B07DPRTTQ9,IT,H&S,1.0,9.29
B07JHNHW2K,FR,H&S,1.5076923076923077,9.290000000000001
B07P4362J2,DE,Tritart,0.8125,9.315000000000001
B07TDLK5W3,IT,H&S,0.2542372881355932,9.32050847457627
B07JHNHW2K,IT,H&S,0.2391304347826087,9.34
B071KX221S,DE,H&S,0.8354430379746836,9.350759493670887
B07CPD18VZ,IT,H&S,0.08888888888888889,9.356666666666667
B07D26LYLH,US,H&S,0.40540540540540543,9.374862299432431
B07FYK6FZ3,ES,Espring,0.17647058823529413,9.378235294117648
B07KV8ZB91,US,H&S,0.31666666666666665,9.392298195433334
B074LTCT6C,DE,Tritart,23.290697674418606,9.418372093023256
B072LXQPCH,FR,H&S,0.4888888888888889,9.456666666666667
B0144EOR7E,FR,Espring,0.08,9.48
B08Q42K5PK,DE,Tritart,1.691358024691358,9.483827160493828
B01N7RK458,IT,Espring,0.2033898305084746,9.49
B01NAHVSFS,IT,H&S,0.08333333333333333,9.49
B07DK6L9N7,IT,H&S,1.0,9.49
B01JXX9960,FR,H&S,2.358974358974359,9.49
B06WD53P6D,FR,H&S,0.16666666666666666,9.49
B06Y4JMTWV,IT,H&S,0.09090909090909091,9.49
B07N8BLMZ7,FR,H&S,0.75,9.49
B07DW2WX4N,FR,H&S,0.3392857142857143,9.49
B01NCB0U5K,DE,Espring,2.5428571428571427,9.49
B083KBDRSW,IT,Tritart,1.0963855421686748,9.496024096385543
B014TDD94W,ES,Espring,1.88,9.533999999999999
B07GKV4789,UK,H&S,4.186046511627907,9.534678885360465
B01M8K6DZ2,UK,H&S,2.7241379310344827,9.54390496745977
B0876861N4,US,Espring,0.9629629629629629,9.572679794296295
B072Q35687,ES,H&S,1.0,9.59
B07VNGCG2J,IT,H&S,0.625,9.59
B01NBTJL36,US,H&S,0.6666666666666666,9.5901280276
B07V2NRTWB,FR,Tritart,0.26785714285714285,9.613214285714287
B07T9JV9KP,DE,Espring,0.34285714285714286,9.61857142857143
B073ZMSSND,PL,Tritart,0.1111111111111111,9.623249524444445
B078X394PF,US,H&S,0.25,9.627990358916668
B01K1135UO,US,H&S,0.5454545454545454,9.634808004727272
B07YZCZLW5,DE,Espring,0.43209876543209874,9.63567901234568
B07T234J87,DE,Espring,0.1,9.64
B00TY0BZ56,DE,H&S,2.9125,9.64
B0144EOR7E,DE,Espring,0.7,9.64
B07PNX2XJF,ES,Tritart,0.24324324324324326,9.645675675675676
B07FYK6FZ3,FR,Espring,0.17073170731707318,9.670487804878048
B01MXVFWJM,DE,H&S,2.573170731707317,9.68512195121951
B07V6LGWMZ,DE,Espring,0.7323943661971831,9.708309859154928
B0829B5PR6,FR,Tritart,0.34615384615384615,9.719807692307693
B00C1S9C4Y,UK,H&S,65.0813953488372,9.724955393802325
B01LIQ82OA,PL,Tritart,0.125,9.733482643
B018I2NCBA,FR,Espring,0.6265060240963856,9.74698795180723
B01M2Z0O2H,UK,H&S,1.7738095238095237,9.77564015077381
B00TY0BZ56,UK,H&S,18.08235294117647,9.788152932094118
B071KX221S,US,H&S,0.8536585365853658,9.789588705097561
B071W1B6L3,DE,Espring,1.4567901234567902,9.790000000000001
B07RLYF81N,US,Espring,1.0,9.828712590058823
B00TY0BZ56,US,H&S,3.6941176470588237,9.832711342282353
B01HXX8RVA,UK,Espring,2.546511627906977,9.847193193
B01MUSUMUS,DE,Espring,10.2,9.866923076923078
B08Q3BSVTM,FR,Tritart,0.36666666666666664,9.867333333333333
B071W1B6L3,FR,Espring,0.18867924528301888,9.889811320754717
B01M8GI87J,ES,Espring,0.36666666666666664,9.903333333333334
B071W1B6L3,US,Espring,0.037037037037037035,9.909599747833333
B078X5N2K1,UK,H&S,38.04651162790697,9.921401529139535
B01F7TT4I2,DE,Espring,0.1566265060240964,9.939397590361446
B018ZBRFOY,DE,Espring,0.06976744186046512,9.943488372093023
B06XVJL3NP,US,H&S,0.7466666666666667,9.94602986344
B088RGRS86,US,Espring,0.5733333333333334,9.954337002506666
B07T7N8DP7,US,Espring,0.7558139534883721,9.958441155848838
B09LVD7TV4,ES,Espring,0.08333333333333333,9.9625
B073WBT4V7,DE,Tritart,3.292134831460674,9.96752808988764
B07GN1J9RV,US,H&S,0.0,9.988994874071428
B07GZ9GH8T,IT,H&S,1.0,9.989999999999998
B08PFSNDF7,DE,Espring,0.8,9.99
B01K1135UO,DE,H&S,2.1139240506329116,9.99
B06WD53P6D,DE,H&S,0.0,9.99
B073TRQQQT,ES,H&S,0.5,9.99
B074LTCT6C,FR,Tritart,0.6119402985074627,9.99
B073TRQQQT,FR,H&S,1.0,9.99
B073TRQQQT,IT,H&S,1.0,9.99
B074LTCT6C,ES,Tritart,0.30612244897959184,9.99
B07W51S61C,FR,H&S,0.3142857142857143,9.99
B074LTCT6C,IT,Tritart,0.3076923076923077,9.99
B0857JKTZL,DE,Espring,1.7301587301587302,9.99
B07VNGCG2J,ES,H&S,0.8333333333333334,9.99
B07KV8ZB91,DE,H&S,3.472972972972973,9.996756756756756
B01K4R2FWY,DE,Espring,0.23880597014925373,10.019850746268657
B014TDD94W,IT,Espring,1.0222222222222221,10.042444444444445
B01CGDQMDM,DE,Espring,4.3882352941176475,10.07235294117647
B09LVBHZKQ,ES,Espring,0.6363636363636364,10.08090909090909
B07WDCV13B,IT,Tritart,0.21818181818181817,10.089454545454545
B07YZCZLW5,IT,Espring,0.8571428571428571,10.095
B07T7N8DP7,DE,Espring,2.6547619047619047,10.113809523809525
B08LDJBF86,US,Espring,0.11290322580645161,10.140542076774194
B07GN3J56J,UK,H&S,8.244186046511627,10.149473487069768
B09LVB5HM6,ES,Espring,0.7142857142857143,10.180714285714286
B07WHKPSYX,DE,Tritart,1.1168831168831168,10.208181818181817
B01MFI35BI,DE,Espring,19.070588235294117,10.225294117647058
B08ZC82Q8Q,ES,Espring,0.2,10.227333333333332
B07DGKQ896,DE,Tritart,1.651685393258427,10.237191011235955
B083KBDRSW,DE,Tritart,3.8764044943820224,10.237191011235955
B06XS97SKH,UK,H&S,28.197674418604652,10.266522010755814
B01HOA4J5K,DE,Espring,47.27906976744186,10.276046511627907
B01G6UPTUI,DE,Espring,4.847058823529411,10.28764705882353
B07CKHXWR9,ES,H&S,0.5789473684210527,10.295263157894738
B07V2B47V3,DE,Espring,1.890625,10.3025
B01M8GI87J,IT,Espring,0.6363636363636364,10.308181818181819
B07VVLJ12R,FR,Tritart,0.15384615384615385,10.313846153846155
B01MXVFWJM,UK,H&S,17.211764705882352,10.418160463764705
B07KV8ZB91,UK,H&S,5.732558139534884,10.418712757674419
B08Q42K5PK,ES,Tritart,1.7846153846153847,10.420769230769231
B01MSWD3MC,UK,H&S,8.4375,10.424203643999999
B019IYUZ1W,ES,Espring,1.625,10.426875
B07GKV4789,DE,H&S,1.2083333333333333,10.434444444444445
B00C1S9C4Y,DE,H&S,13.5,10.43767441860465
B07GZ818S1,UK,H&S,47.50574712643678,10.48302319724138
B06XVJL3NP,UK,H&S,29.857142857142858,10.488622110909091
B00K1Q9HIE,ES,H&S,3.0,10.49
B07DLMXHM1,IT,H&S,1.0,10.49
B06Y4ND4LX,ES,H&S,0.23809523809523808,10.49
B06WD53P6D,IT,H&S,0.16666666666666666,10.49
B01K0YPWEY,DE,H&S,2.0941176470588236,10.49
B019Y5U1G4,ES,Espring,0.6,10.49
B07GZ818S1,DE,H&S,3.5416666666666665,10.49
B01JXX9960,IT,H&S,0.5428571428571428,10.49
B07V4G6K18,DE,Espring,1.0,10.49
B06Y6F2W4Z,FR,H&S,0.07317073170731707,10.49
B018OMJGCS,FR,H&S,1.0,10.49
B071YVMZV4,DE,Espring,3.813953488372093,10.501627906976744
B07JWL5DHB,IT,H&S,0.48,10.51
B083KBDRSW,FR,Tritart,0.22,10.51
B08Q47DRVR,IT,Tritart,0.6986301369863014,10.510547945205479
B01NATTRD3,UK,H&S,79.0813953488372,10.538863345813953
B014TDD6OU,DE,Espring,7.954022988505747,10.553218390804597
B072HKHJJS,DE,Tritart,6.382022471910112,10.574269662921349
B08Q3BSVTM,ES,Tritart,0.08695652173913043,10.583478260869565
B088RHVC9K,PL,Espring,0.0,10.59574468
B07QQVMXW5,ES,Tritart,0.13636363636363635,10.596060606060606
B07DGKQ896,ES,Tritart,0.34615384615384615,10.617307692307692
B01M8GI87J,FR,Espring,0.5833333333333334,10.618055555555555
B07XMCL1C2,IT,Tritart,0.24390243902439024,10.648536585365854
B01HFIOUJG,US,Espring,0.22413793103448276,10.686460428344827
B01HFIONTS,DE,Espring,5.647058823529412,10.707647058823529
B07TQSP4Y5,US,Espring,0.17777777777777778,10.715668332311111
B06XRQ33CC,FR,H&S,0.36363636363636365,10.717272727272727
B08WWNH8XF,DE,Tritart,0.12698412698412698,10.751904761904761
B08JCVX1WY,US,Espring,0.15555555555555556,10.771092320755557
B01LW0UMHZ,UK,H&S,2.717948717948718,10.783023048717947
B01NBTJL36,UK,H&S,33.294117647058826,10.797035318717647
B071W1B6L3,IT,Espring,0.8484848484848485,10.818181818181818
B07VWR69VX,DE,Tritart,2.8536585365853657,10.821707317073171
B09LV9YJM9,ES,Espring,0.3333333333333333,10.823333333333332
B01HOA4J5K,UK,Espring,15.051282051282051,10.825212442038461
B085TLR7QG,US,Tritart,1.25,10.8318408297625
B01HFIOUJG,DE,Espring,0.3972602739726027,10.83931506849315
B092D55SKX,ES,Tritart,0.2,10.846666666666666
B01M15S063,ES,Espring,0.0,10.871176470588235
B07VYRT4T5,FR,Tritart,0.6666666666666666,10.872222222222224
B07QC7DM54,DE,Espring,0.8518518518518519,10.87888888888889
B07M6PRNHG,UK,H&S,22.1046511627907,10.903418043720931
B071WJFD25,US,H&S,0.05263157894736842,10.913264760526316
B00MVG3X6Y,UK,H&S,5.635294117647059,10.914332671294117
B071W1B6L3,ES,Espring,0.1,10.9145
B08ZCH8XBV,ES,Espring,1.0,10.923333333333332
B08Q47DRVR,ES,Tritart,0.4025974025974026,10.938571428571429
B07JWL5DHB,FR,H&S,0.30434782608695654,10.955217391304348
B07T7N8DP7,ES,Espring,0.8235294117647058,10.960588235294118
B09LVCNVL1,ES,Espring,1.25,10.968
B071KX221S,UK,H&S,10.19767441860465,10.968489897674418
B08N18NFPW,IT,Espring,0.38636363636363635,10.975000000000001
B08BLS8RZ7,US,Espring,0.42857142857142855,10.97956402357143
B07PZW2DH7,DE,Tritart,2.4069767441860463,10.99
B019Y5U1G4,FR,Espring,0.4339622641509434,10.99
B08Q47DRVR,DE,Tritart,0.5,10.99
B01991A32K,FR,Espring,0.5,10.99
B01HXX8RVA,DE,Espring,2.347826086956522,10.99
B073WBT4V7,ES,Tritart,0.2972972972972973,10.99
B07DW7R9V8,ES,H&S,1.6666666666666667,10.99
B07NVDQCKB,DE,Espring,3.5813953488372094,10.99
B088MGYR8K,DE,Espring,0.5542168674698795,10.99
B0857JT2ZP,DE,Espring,0.3333333333333333,10.99
B088MF482R,DE,Espring,0.3055555555555556,10.99
B07VYSC1NR,DE,Tritart,1.5795454545454546,10.99
B01M8K6DZ2,DE,H&S,0.8461538461538461,10.99
B06Y4ND4LX,IT,H&S,0.35,10.99
B08WWNH8XF,ES,Tritart,1.0,10.99
B0876V6BPH,DE,Espring,0.08333333333333333,10.99
B01M15S063,DE,Espring,0.40350877192982454,10.990000000000002
B01K4R2FWY,IT,Espring,0.11764705882352941,10.99686274509804
B016LHY28G,UK,H&S,8.523255813953488,11.011524045348837
B014TDD6OU,UK,Espring,2.197674418604651,11.013295920581395
B017GLWKXK,US,H&S,0.5,11.016463427777778
B00TY0BZ56,IT,H&S,4.289156626506024,11.020120481927712
B08F5CKKL1,US,Espring,0.0,11.02022059
B07WHKPSYX,ES,Tritart,1.0,11.05
B07RF6S3K3,UK,H&S,42.127906976744185,11.056477552790698
B07XMCL1C2,DE,Tritart,1.595505617977528,11.065280898876406
B01NATTRD3,DE,H&S,7.0,11.065581395348836
B00TY0BZ56,ES,H&S,8.611764705882353,11.07235294117647
B08Q3BSVTM,IT,Tritart,0.0,11.086153846153847
B098XFYB62,US,Espring,0.4482758620689655,11.108182400137931
B07VWR69VX,PL,Tritart,0.11538461538461539,11.113985258846155
B07LB1FXB4,ES,Espring,0.36,11.15
B07NVDQCKB,US,Espring,0.46153846153846156,11.158147322307691
B07QQVMXW5,IT,Tritart,0.4939759036144578,11.170722891566266
B08HM2VGX9,FR,Espring,0.5714285714285714,11.177142857142856
B01G6UPTUI,ES,Espring,1.492537313432836,11.187014925373134
B01HFIOUJG,ES,Espring,0.07692307692307693,11.192564102564102
B01NBTJL36,ES,H&S,1.131578947368421,11.200526315789475
B078PYYXBH,ES,H&S,0.5,11.215
B07RLJBB1N,FR,H&S,0.14285714285714285,11.228095238095237
B07QQVMXW5,FR,Tritart,0.5119047619047619,11.228095238095237
B088RHXFJ4,PL,Espring,0.0,11.23509561
B07TMN2NY5,US,Espring,0.2857142857142857,11.249529031015873
B07WDCV13B,FR,Tritart,0.15789473684210525,11.25421052631579
B00C1S9C4Y,US,H&S,9.01123595505618,11.256099241123595
B073ZQFKV4,DE,H&S,0.36,11.27
B07T7N8DP7,IT,Espring,1.2666666666666666,11.29
B08ZC7T9FZ,ES,Espring,0.0,11.29
B083DHG56N,DE,Tritart,0.32786885245901637,11.301475409836065
B00C1S9C4Y,IT,H&S,4.988095238095238,11.30547619047619
B07TDLK5W3,FR,H&S,0.34375,11.330625
B01K0YPWEY,US,H&S,1.7708333333333333,11.337784792541667
B00FAZ6L4Y,DE,H&S,0.55,11.348333333333333
B01K0YPWEY,UK,H&S,29.802325581395348,11.38812332976744
B01M15S063,IT,Espring,0.546875,11.3965625
B072LXQPCH,IT,H&S,0.07692307692307693,11.405384615384616
B09LVD47W6,ES,Espring,0.2727272727272727,11.41
B01N8XWTUI,FR,H&S,0.17073170731707318,11.429024390243903
B00FHGGUT2,UK,H&S,12.686046511627907,11.442269579069766
B01LMKPSGM,US,H&S,1.027027027027027,11.444412463445946
B06XS97SKH,DE,H&S,0.9827586206896551,11.445172413793102
B071WJFD25,UK,H&S,11.965116279069768,11.457484614186045
B09LVCLKB2,ES,Espring,0.08333333333333333,11.465833333333334
B01LQ4CZ3S,DE,Espring,2.4358974358974357,11.470769230769232
B088MFTGV5,DE,Espring,6.548387096774194,11.473870967741936
B071LJBPNT,US,H&S,0.7222222222222222,11.488561023333334
B07GTF236R,ES,H&S,0.2222222222222222,11.49
B01M8K6DZ2,ES,H&S,0.7073170731707317,11.49
B07DW7R9V8,IT,H&S,1.0,11.49
B07PRRK9B1,DE,Espring,0.30666666666666664,11.49
B08FDXN154,US,Espring,0.625,11.499655679562501
B07WJNGG8J,FR,Tritart,0.09090909090909091,11.499772727272727
B01N6RJ6VB,UK,H&S,13.788235294117648,11.507682277882353
B072BBQ3M5,PL,H&S,0.07894736842105263,11.510584965263158
B083DJDRT1,DE,Tritart,0.9294117647058824,11.512352941176472
B085F37HBC,DE,Espring,2.1621621621621623,11.561621621621622
B074SXX9J9,DE,Tritart,1.3295454545454546,11.567272727272728
B06XXCX7TD,DE,Espring,3.0348837209302326,11.571395348837209
B08Q3PLB3F,DE,Tritart,1.5,11.574615384615385
B00FAZ6L4Y,UK,H&S,2.835294117647059,11.577021474117647
B01G9KXXGM,UK,H&S,9.279069767441861,11.577635202325581
B017GLWKXK,UK,H&S,11.325581395348838,11.577635202325581
B07T9JV9KP,ES,Espring,1.0,11.58
B071WJFD25,DE,H&S,0.6666666666666666,11.5925641025641
B07KV8ZB91,IT,H&S,0.44,11.61
B0791GDKBP,ES,H&S,0.6461538461538462,11.62076923076923
B01JP1QDKU,DE,Espring,2.2906976744186047,11.62953488372093
B07GTF236R,IT,H&S,0.1,11.629999999999999
B00C13AZEK,PL,H&S,0.3333333333333333,11.640970106666666
B072HKHJJS,ES,Tritart,1.6851851851851851,11.656666666666668
B083DJDRT1,ES,Tritart,0.45454545454545453,11.673333333333334
B01K1135UO,UK,H&S,17.348837209302324,11.678786424651163
B07T9JV9KP,FR,Espring,0.3103448275862069,11.683793103448275
B07WFHLD7G,DE,Tritart,0.6842105263157895,11.684736842105265
B072JVLVPM,ES,H&S,0.14285714285714285,11.704285714285716
B01GK3YTG6,FR,Espring,1.6944444444444444,11.720833333333333
B01HOA4J5K,US,Espring,1.2926829268292683,11.733762275853659
B07TC51TS9,US,Espring,1.0158730158730158,11.742789984968253
B08Q47DRVR,FR,Tritart,0.6626506024096386,11.74433734939759
B07WFHKFCN,PL,Tritart,0.0,11.74916013
B08PFSNDF7,IT,Espring,0.016666666666666666,11.769
B00K1Q9HIE,IT,H&S,1.4705882352941178,11.79
B083KBDRSW,UK,Tritart,6.666666666666667,11.801250163333334
B01NBTJL36,IT,H&S,1.3076923076923077,11.836153846153847
B07DGKQ896,IT,Tritart,0.7142857142857143,11.84142857142857
B01MRVUOAB,US,H&S,2.267857142857143,11.851298301160714
B07WJNGG8J,IT,Tritart,0.08,11.851600000000001
B07WHKPSYX,FR,Tritart,0.08571428571428572,11.867142857142857
B08D6GMSG1,DE,Espring,0.6521739130434783,11.868260869565216
B01HS5ASGK,UK,H&S,28.988372093023255,11.872519339767443
B07PPT27PH,DE,Espring,2.7674418604651163,11.88186046511628
B08Q2TZMVD,DE,Tritart,1.9836065573770492,11.919344262295082
B07PZW2DH7,ES,Tritart,0.17647058823529413,11.928235294117647
B08ZCFXZ4H,ES,Espring,1.0,11.953333333333333
B07GTF236R,FR,H&S,0.4444444444444444,11.956666666666665
B01HFIONTS,IT,Espring,2.0526315789473686,11.96513157894737
B01AAJOVH8,IT,Espring,0.6756756756756757,11.966621621621622
B01K1135UO,ES,H&S,0.39655172413793105,11.972758620689655
B00FHGGUT2,ES,H&S,0.75,11.98
B08Q34XNJF,IT,Tritart,1.0,11.99
B08Q34XNJF,FR,Tritart,0.1,11.99
B08Q34XNJF,ES,Tritart,0.015384615384615385,11.99
B08ZD2MDVL,ES,Espring,0.0,11.99
B073WBT4V7,FR,Tritart,1.1294117647058823,11.99
B08ZC7KBXJ,ES,Espring,0.25,11.99
B072JVLVPM,IT,H&S,0.02857142857142857,11.99
B07DZHXPL6,IT,H&S,0.2962962962962963,11.99
B01HXX8RVA,IT,Espring,1.7843137254901962,11.99
B01K0YPWEY,ES,H&S,0.6666666666666666,11.99
B08N18NFPW,ES,Espring,1.1111111111111112,11.99
B08N18NFPW,FR,Espring,1.0303030303030303,11.99
B014TDD6OU,ES,Espring,0.25806451612903225,11.99
B072HKHJJS,IT,Tritart,0.7380952380952381,11.99
B01MSWD3MC,DE,H&S,0.8333333333333334,11.99
B07CKHXWR9,IT,H&S,0.0,11.99
B07KV8ZB91,ES,H&S,0.33783783783783783,11.99
B07XMCL1C2,FR,Tritart,0.5285714285714286,11.99
B08Q42K5PK,IT,Tritart,1.2916666666666667,11.99
B01LMKPSGM,DE,H&S,1.2738095238095237,11.99
B09LVF7X3D,ES,Espring,0.2,11.99
B01MSWD3MC,ES,H&S,1.0,11.99
B073WBT4V7,IT,Tritart,0.7209302325581395,11.990000000000002
B01HXX8RVA,FR,Espring,1.9651162790697674,11.990000000000002
B019IYUZ1W,FR,Espring,2.5232558139534884,12.000232558139535
B07QC7DM54,ES,Espring,1.338235294117647,12.05970588235294
B07J5SM2HC,UK,H&S,9.848837209302326,12.060475519999999
B078PY739S,UK,H&S,15.325581395348838,12.094571182906975
B07LB1FXB4,FR,Espring,0.49122807017543857,12.095263157894738
B07J5SM2HC,US,H&S,1.3888888888888888,12.098344486481482
B00BVTF9GE,US,H&S,0.7,12.107558111
B06Y4ND4LX,US,H&S,0.03571428571428571,12.108342696071428
B09LVD6J4C,ES,Espring,0.15789473684210525,12.127894736842105
B07VWR69VX,ES,Tritart,1.325,12.14
B08HM2VGX9,ES,Espring,0.14285714285714285,12.165714285714285
B07YSCWK2F,DE,Tritart,0.2413793103448276,12.165862068965517
B08Q2TZMVD,ES,Tritart,1.45,12.182500000000001
B06Y51KHKW,IT,H&S,0.25,12.24
B01CGDQMDM,ES,Espring,1.9310344827586208,12.242873563218392
B0193JCAKG,US,Espring,0.109375,12.25548216859375
B01CGDQMDM,IT,Espring,0.5647058823529412,12.272352941176472
B088MF482R,IT,Espring,0.3157894736842105,12.299473684210525
B00MVG3X6Y,US,H&S,1.325,12.30801442425
B017DIQL0O,UK,Espring,2.0,12.311084186941175
B00TY2O8QC,DE,H&S,3.7560975609756095,12.313170731707318
B08WWNH8XF,FR,Tritart,0.022222222222222223,12.319777777777777
B07PZW2DH7,IT,Tritart,0.35,12.323666666666666
B0847SXNVQ,DE,Espring,1.0952380952380953,12.348333333333333
B071YVMZV4,ES,Espring,0.3793103448275862,12.372758620689655
B07XYY42F4,FR,Tritart,0.3333333333333333,12.39
B08Q3PLB3F,ES,Tritart,0.7096774193548387,12.394838709677419
B01CGDQMDM,FR,Espring,3.3452380952380953,12.411428571428571
B014TDD6OU,US,Espring,0.5396825396825397,12.432712723650793
B01648O8CM,UK,H&S,27.88235294117647,12.436272749058823
B078PYYXBH,FR,H&S,1.0666666666666667,12.456666666666667
B01N9806LZ,DE,Espring,3.2972972972972974,12.461621621621621
B07PRQTQ8H,DE,Espring,0.5074626865671642,12.49
B01M8K6DZ2,IT,H&S,0.359375,12.49
B07PQQRS2T,DE,Espring,0.3076923076923077,12.49
B088NQYHK5,DE,Espring,0.0,12.49
B07DW7R9V8,FR,H&S,1.3333333333333333,12.49
B01GK3YTG6,ES,Espring,0.7857142857142857,12.49
B073ZQFKV4,IT,H&S,0.0,12.49
B06Y4ND4LX,FR,H&S,0.47368421052631576,12.49
B016C6FX9S,DE,Espring,0.0,12.49
B017L0A6K0,DE,Espring,1.4125,12.49125
B085F37HBC,IT,Espring,0.7093023255813954,12.51325581395349
B07SWX3J6S,PL,Tritart,0.0,12.555829991111112
B01MUSUMUS,ES,Espring,0.4897959183673469,12.561428571428571
B078X5N2K1,US,H&S,6.4772727272727275,12.575926182272726
B00TY0BZ56,FR,H&S,2.7710843373493974,12.586385542168676
B06Y4S6ZCP,UK,H&S,9.0,12.587655459186045
B07VYSC1NR,FR,Tritart,0.6585365853658537,12.589999999999998
B07DGKQ896,FR,Tritart,0.7469879518072289,12.590240963855422
B07PZW2DH7,FR,Tritart,0.5714285714285714,12.603428571428571
B01LNDMWQC,ES,Espring,0.28125,12.608125
B01G6UPTUI,IT,Espring,0.5121951219512195,12.619268292682927
B016LHY28G,DE,H&S,3.376470588235294,12.62529411764706
B00FAZ6L4Y,US,H&S,0.7272727272727273,12.642659653863637
B01HZDQ5Q2,US,Espring,0.5769230769230769,12.65361520826923
B01G6UPTUI,FR,Espring,1.2906976744186047,12.66906976744186
B088RHVC9K,US,Espring,0.4117647058823529,12.672110754235295
B07M6PRNHG,ES,H&S,4.173076923076923,12.682307692307692
B01LNDMWQC,IT,Espring,0.09722222222222222,12.682361111111112
B01JAAUA0U,US,Espring,0.3108108108108108,12.683600374243243
B01J3WOZ4M,DE,Espring,4.640449438202247,12.697865168539327
B07T7N8DP7,FR,Espring,0.5,12.735833333333334
B01LMKPSGM,UK,H&S,3.2209302325581395,12.736557643488373
B07TC51TS9,DE,Espring,2.602409638554217,12.78566265060241
B00C13AZEK,DE,H&S,1.1481481481481481,12.79
B00BVUIVYU,FR,H&S,1.7916666666666667,12.79277777777778
B098XG9G97,US,Espring,0.46153846153846156,12.802766606307692
B098XCZZ3Q,US,Espring,0.1038961038961039,12.805023835324675
B06XS97SKH,ES,H&S,0.9130434782608695,12.881304347826086
B083DJDRT1,IT,Tritart,0.56,12.888266666666667
B07YSCWK2F,ES,Tritart,0.12903225806451613,12.893225806451612
B014TDD6OU,IT,Espring,0.7857142857142857,12.904285714285715
B00TY2O8QC,UK,H&S,43.35632183908046,12.911169888965517
B07M6PRNHG,IT,H&S,2.0,12.913541666666667
B00TY2O8QC,US,H&S,0.3695652173913043,12.931768690217393
B07VYSC1NR,ES,Tritart,0.04878048780487805,12.941219512195122
B07WHKPSYX,IT,Tritart,0.4915254237288136,12.950000000000001
B072HKHJJS,FR,Tritart,0.25,12.974210526315789
B07WJNGG8J,ES,Tritart,0.0,12.989999999999998
B07XMCL1C2,ES,Tritart,0.13636363636363635,12.99
B01HS5ASGK,ES,H&S,1.0,12.99
B01M8K6DZ2,FR,H&S,0.2857142857142857,12.99
B01HS5ASGK,DE,H&S,1.0,12.99
B01MSWD3MC,IT,H&S,1.2,12.99
B071KX221S,ES,H&S,1.6144578313253013,12.99
B08JCVX1WY,DE,Espring,0.5205479452054794,12.99
B01MCWLB30,ES,Espring,0.9142857142857143,12.99
B01HXX8RVA,ES,Espring,1.0138888888888888,12.99
B071KX221S,IT,H&S,0.10526315789473684,12.99
B07RF6S3K3,DE,H&S,0.3076923076923077,12.99
B071KX221S,FR,H&S,1.305084745762712,12.99
B018I2DWPQ,DE,Espring,1.3837209302325582,12.990000000000002
B09C8JHT9L,ES,Espring,0.5909090909090909,12.990000000000002
B018ASUHVU,DE,Espring,3.058139534883721,12.990000000000002
B06XRQ33CC,IT,H&S,0.36363636363636365,12.990000000000002
B08Q3PLB3F,FR,Tritart,0.5,13.002222222222223
B07CHDHCMR,UK,H&S,2.0930232558139537,13.038269120465117
B083DJDRT1,FR,Tritart,0.4090909090909091,13.04
B07VYSC1NR,IT,Tritart,0.725,13.055000000000001
B017GLWKXK,DE,H&S,2.4814814814814814,13.076419753086421
B084VT3XM3,DE,Espring,0.49056603773584906,13.08433962264151
B014TDD6OU,FR,Espring,1.1764705882352942,13.095882352941178
B08Q3F1Z1N,DE,Tritart,0.6875,13.115
B00FHGGUT2,US,H&S,2.967741935483871,13.12377131580645
B07DZHXPL6,FR,H&S,0.7058823529411765,13.125294117647059
B07XMCM4B4,UK,Tritart,1.484375,13.1262308896875
B01MUSUMUS,IT,Espring,0.6041666666666666,13.135833333333332
B083DHG56N,ES,Tritart,0.021739130434782608,13.136739130434782
B07KV8ZB91,FR,H&S,0.8983050847457628,13.167966101694915
B0791GDKBP,IT,H&S,0.5333333333333333,13.19
B07TZHYZ1N,DE,Tritart,0.15555555555555556,13.203333333333333
B01K1135UO,IT,H&S,1.0930232558139534,13.210930232558141
B00BVUIVYU,ES,H&S,0.6307692307692307,13.21646153846154
B07V3FWL34,FR,Espring,0.34782608695652173,13.23782608695652
B01JP1QDKU,ES,Espring,1.0941176470588236,13.241764705882352
B01J7YPHCU,DE,Espring,3.1511627906976742,13.245813953488373
B07M6PRNHG,DE,H&S,3.75,13.254
B08Q45WM7G,DE,Tritart,0.6352941176470588,13.262941176470587
B01MRVUOAB,DE,H&S,2.8255813953488373,13.29232558139535
B01K1ZD6HC,ES,Espring,0.05970149253731343,13.31268656716418
B07ZP7C22T,DE,Espring,0.75,13.323333333333332
B07QC7DM54,FR,Espring,0.18,13.353
B07V3FWL34,ES,Espring,0.3888888888888889,13.363333333333333
B0857K4H2V,DE,Espring,1.6444444444444444,13.378888888888888
B018OMJGCS,DE,H&S,0.2708333333333333,13.385833333333332
B07V6LGWMZ,IT,Espring,0.8333333333333334,13.393333333333333
B08Q2TZMVD,IT,Tritart,0.3333333333333333,13.406666666666666
B08FQWZDQP,PL,Tritart,0.2,13.417086386
B07WHHH7CY,DE,Tritart,1.5730337078651686,13.430449438202247
B08Q34XNJF,DE,Tritart,0.8470588235294118,13.437058823529412
B01CGDQMDM,UK,Espring,2.2162162162162162,13.446338518783783
B01MUSUMUS,FR,Espring,1.5185185185185186,13.471481481481483
B07TC4YGQ8,US,Espring,0.4805194805194805,13.479567261662337
B07GZ818S1,IT,H&S,1.0,13.49
B01K0YPWEY,IT,H&S,1.7654320987654322,13.49
B08LL4V6MD,DE,Espring,0.0,13.49
B07RLJBB1N,ES,H&S,0.2,13.49
B01MSWD3MC,FR,H&S,1.0,13.49
B01J3WOZ4M,ES,Espring,0.6909090909090909,13.49
B074SXX9J9,ES,Tritart,0.13513513513513514,13.49
B08B8GDLSH,DE,Espring,0.6823529411764706,13.49
B074SXX9J9,IT,Tritart,0.09375,13.49
B08D6GR44H,DE,Espring,0.7692307692307693,13.49
B015H6NFPS,DE,Espring,1.32,13.49
B08LL98VSZ,DE,Espring,0.7272727272727273,13.490000000000002
B09Q39MJQT,US,Espring,0.28125,13.5196353884375
B016C6FX9S,ES,Espring,1.0,13.53
B01LW463CQ,ES,Espring,0.6091954022988506,13.547471264367818
B019XTF03U,DE,Espring,2.7701149425287355,13.553218390804599
B08WWNH8XF,IT,Tritart,0.02127659574468085,13.607446808510637
B07WFHLD7G,ES,Tritart,0.0,13.62
B01LWJRCVJ,PL,Espring,0.19047619047619047,13.62673716
B01HFIOUJG,FR,Espring,0.19047619047619047,13.651428571428571
B01MRVUOAB,UK,H&S,51.5,13.678895086046511
B08LDJBF86,DE,Espring,1.2758620689655173,13.679655172413792
B00FHGCK32,US,H&S,2.5483870967741935,13.69367490935484
B01648O8CM,DE,H&S,3.953488372093023,13.73418604651163
B01MCT751U,PL,H&S,0.07692307692307693,13.735639415769231
B083DHG56N,IT,Tritart,0.2962962962962963,13.736481481481482
B07VWR69VX,FR,Tritart,0.9080459770114943,13.748620689655173
B00NBCCR0A,US,H&S,4.054054054054054,13.753306133513513
B07RF6S3K3,US,H&S,0.4,13.754263507
B01JP1QDKU,IT,Espring,1.0476190476190477,13.825714285714287
B0847SXNVQ,IT,Espring,0.1,13.826250000000002
B08FQTDNRC,DE,Tritart,0.0,13.853636363636365
B08J3T116Q,DE,Espring,0.42105263157894735,13.858421052631579
B07GKV4789,ES,H&S,0.3620689655172414,13.869310344827586
B08FQWZDQP,DE,Tritart,0.45652173913043476,13.87913043478261
B07J5SM2HC,DE,H&S,2.765432098765432,13.915925925925926
B092JHRZ4H,US,Espring,0.18840579710144928,13.927751635507246
B07YSCWK2F,IT,Tritart,0.2692307692307692,13.972307692307693
B00FAZ6L4Y,ES,H&S,0.14285714285714285,13.99
B00K1Q9HIE,FR,H&S,2.185185185185185,13.99
B01GK3YTG6,IT,Espring,0.25,13.99
B06Y51KHKW,FR,H&S,0.3333333333333333,13.99
B01LMKPSGM,ES,H&S,0.30434782608695654,13.99
B0791GDKBP,FR,H&S,0.609375,13.99
B018OMJGCS,ES,H&S,0.14035087719298245,13.990000000000002
B019DWX2Y6,DE,Espring,3.348314606741573,13.990000000000002
B01K0YPWEY,FR,H&S,4.919540229885057,13.990000000000002
B018I2DWPQ,ES,Espring,0.06451612903225806,13.996451612903225
B07YSCWK2F,FR,Tritart,0.16666666666666666,13.997333333333334
B01LQ4CZ3S,IT,Espring,0.1267605633802817,14.018169014084506
B078PY739S,DE,H&S,1.7108433734939759,14.038192771084338
B08Q3PLB3F,IT,Tritart,0.6666666666666666,14.055
B07TC51TS9,IT,Espring,0.8461538461538461,14.066923076923077
B07WHJ3D89,DE,Tritart,0.4,14.088461538461539
B00C1S9C4Y,ES,H&S,3.755813953488372,14.094651162790699
B01M15S063,FR,Espring,0.6666666666666666,14.101666666666667
B07TC51TS9,ES,Espring,0.875,14.115
B09M76QR53,DE,Espring,0.9696969696969697,14.14909090909091
B083DHG56N,FR,Tritart,0.15254237288135594,14.166610169491527
B01K1ZD6HC,FR,Espring,0.25,14.167083333333332
B08Q3F1Z1N,ES,Tritart,0.3,14.174000000000001
B07V6LNFZQ,IT,Espring,1.0,14.18142857142857
B00FHGCK32,UK,H&S,8.666666666666666,14.199721922873563
B01K1ZD6HC,IT,Espring,0.45454545454545453,14.215000000000002
B08Q2TZMVD,FR,Tritart,1.0,14.232857142857142
B07CHDHCMR,DE,H&S,0.41025641025641024,14.243846153846153
B073ZMSSND,DE,Tritart,1.4880952380952381,14.259166666666667
B071YVMZV4,FR,Espring,0.0,14.273333333333333
B01LNDMWQC,FR,Espring,0.2727272727272727,14.283766233766233
B06XS97SKH,IT,H&S,0.4,14.29
B017L0A6K0,ES,Espring,0.4782608695652174,14.303043478260868
B071LJBPNT,UK,H&S,10.607142857142858,14.330448014880952
B00C1S9C4Y,FR,H&S,2.8780487804878048,14.331463414634147
B07GZ818S1,FR,H&S,1.0,14.355
B06XY55WTJ,US,H&S,2.108695652173913,14.36004926021739
B08Q45WM7G,ES,Tritart,0.18181818181818182,14.360227272727274
B01LW463CQ,IT,Espring,0.5542168674698795,14.36590361445783
B01G488QPC,DE,Espring,1.576470588235294,14.368235294117646
B017GLNHEG,DE,H&S,6.507246376811594,14.381304347826088
B08Q3MTGFH,ES,Tritart,0.6888888888888889,14.390000000000002
B08Q3MTGFH,IT,Tritart,1.8433734939759037,14.410481927710842
B017DIQL0O,DE,Espring,2.0120481927710845,14.420120481927713
B01648O8CM,US,H&S,3.425287356321839,14.445166147816092
B085F37HBC,UK,Espring,1.2048192771084338,14.459462091445783
B00NBCCR0A,UK,H&S,7.3604651162790695,14.474941306976744
B073ZMSSND,UK,Tritart,1.4588235294117646,14.48402035364706
B01K1135UO,FR,H&S,1.2622950819672132,14.49
B01I1HQNFE,DE,Espring,1.75,14.49
B07RLJBB1N,IT,H&S,0.1,14.49
B00TY2O8QC,IT,H&S,0.8023255813953488,14.490000000000002
B07SWX3J6S,DE,Tritart,1.1176470588235294,14.498823529411764
B07GPPQKCK,IT,Espring,2.7976190476190474,14.510833333333334
B08YK68R6M,DE,Espring,0.43037974683544306,14.531772151898734
B07WHJ3D89,IT,Tritart,1.0,14.535
B01HFIONTS,FR,Espring,0.2857142857142857,14.561428571428573
B01HMJ2OF0,IT,Espring,1.0,14.581304347826087
B092D5D8T3,ES,Tritart,0.4444444444444444,14.59
B074SXX9J9,FR,Tritart,0.1,14.59
B01J3WOZ4M,FR,Espring,0.2727272727272727,14.590000000000002
B01JA6LPJE,US,Espring,1.2941176470588236,14.599382376235294
B078X5N2K1,IT,H&S,1.5636363636363637,14.60818181818182
B01LQ4CZ3S,FR,Espring,0.42857142857142855,14.615
B017L0A6K0,IT,Espring,0.4358974358974359,14.627179487179488
B019XTF03U,ES,Espring,0.43037974683544306,14.631772151898735
B07XMCM4B4,FR,Tritart,1.170731707317073,14.634878048780488
B08N18QKFK,US,Espring,0.09523809523809523,14.679472242857143
B01LQ4CZ3S,ES,Espring,0.24324324324324326,14.706216216216216
B07V6LGWMZ,ES,Espring,0.8636363636363636,14.717272727272729
B01BH6XFG6,DE,Espring,8.114942528735632,14.753218390804598
B06Y4ND43F,ES,H&S,1.0,14.79
B01JAAUA0U,IT,Espring,1.5,14.80081081081081
B017GLWKXK,ES,H&S,1.3857142857142857,14.804285714285713
B07WK1M7Y8,DE,Tritart,0.4827586206896552,14.817586206896554
B018I2DWPQ,IT,Espring,0.21052631578947367,14.820175438596491
B00C13AZEK,ES,H&S,0.6704545454545454,14.853636363636365
B017L0A6K0,FR,Espring,0.7115384615384616,14.869807692307692
B09Q39B21F,US,Espring,1.358974358974359,14.885622549230769
B07GBK5SQL,UK,H&S,32.76744186046512,14.894201743372092
B06XXCX7TD,ES,Espring,0.43373493975903615,14.898433734939758
B08ZXDKNK4,ES,Espring,0.26506024096385544,14.90566265060241
B09BHRB99F,DE,Espring,0.38461538461538464,14.913076923076924
B07TC4YGQ8,DE,Espring,3.5172413793103448,14.921034482758621
B08DJ4WZWQ,DE,Espring,10.069767441860465,14.98418604651163
B01HOA4J5K,ES,Espring,1.2151898734177216,14.99
B01I1HQNFE,FR,Espring,1.0,14.99
B01J3WOZ4M,IT,Espring,1.1132075471698113,14.99
B07GPPQKCK,DE,Espring,0.7291666666666666,14.99
B07VWR69VX,IT,Tritart,1.0,14.99
B07CNDR86T,FR,H&S,1.0,14.99
B071LJBPNT,DE,H&S,1.1403508771929824,14.990000000000002
B07WFHKFCN,DE,Tritart,1.1785714285714286,15.00190476190476
B01M8K6DZ2,US,H&S,0.38461538461538464,15.033810776153846
B08Q45WM7G,IT,Tritart,0.22641509433962265,15.04811320754717
B072BBQ3M5,UK,H&S,25.732558139534884,15.054402529302326
B07WFHLD7G,FR,Tritart,0.0,15.09
B00BVUIVYU,IT,H&S,1.015625,15.099375
B07TC51TS9,FR,Espring,0.32,15.13
B07GKV4789,IT,H&S,0.21428571428571427,15.132857142857143
B01LW463CQ,FR,Espring,0.22857142857142856,15.139999999999999
B078PY739S,ES,H&S,1.0784313725490196,15.144901960784313
B07SWX3J6S,ES,Tritart,2.0,15.169999999999998
B0872W1YTK,US,Espring,0.2,15.182724091
B01N8XWTUI,IT,H&S,0.07142857142857142,15.19
B017GLNHEG,ES,H&S,1.1,15.19
B07XMCM4B4,ES,Tritart,1.0,15.190000000000001
B07M6PRNHG,FR,H&S,0.8043478260869565,15.19217391304348
B07SWX3J6S,IT,Tritart,0.34,15.202
B01HXOSRYG,US,Espring,3.2386363636363638,15.208594018068181
B01JAAUA0U,FR,Espring,2.011627906976744,15.210930232558137
B019XTF03U,IT,Espring,0.14285714285714285,15.21542857142857
B07RLYF81N,PL,Espring,0.0,15.2206047
B071LHTNJP,US,Espring,0.7804878048780488,15.243411535853658
B07TZHYZ1N,ES,Tritart,0.024390243902439025,15.250731707317073
B06XXCX7TD,IT,Espring,0.8354430379746836,15.265949367088608
B09M76QR53,ES,Espring,1.2058823529411764,15.26970588235294
B016CQV2E8,US,H&S,0.6666666666666666,15.285582935
B07WHJ3D89,FR,Tritart,2.9,15.287
B08Q3F1Z1N,FR,Tritart,0.0,15.296666666666667
B01JIVXOUO,US,Espring,0.72,15.301550752533334
B08Q47YQBG,DE,Tritart,7.011627906976744,15.350465116279072
B00TY2O8QC,ES,H&S,0.3253012048192771,15.351445783132531
B086T37ZV1,IT,Espring,2.0217391304347827,15.36
B019XSNG96,US,Espring,0.32,15.365074323866665
B073ZMSSND,ES,Tritart,0.43243243243243246,15.372432432432431
B078X5N2K1,DE,H&S,5.2625,15.377500000000001
B08Q3MTGFH,FR,Tritart,0.20833333333333334,15.389999999999999
B06Y4S6ZCP,DE,H&S,1.2173913043478262,15.400434782608695
B07V4G6K18,ES,Espring,0.7368421052631579,15.400526315789474
B018I2DWPQ,FR,Espring,0.16279069767441862,15.416046511627906
B088RHXFJ4,DE,Espring,1.5783132530120483,15.417710843373495
B098XFGXM4,US,Espring,0.2786885245901639,15.437397659180329
B06Y4ND43F,FR,H&S,0.4,15.49
B07RF6S3K3,FR,H&S,1.0,15.49
B016LHY28G,ES,H&S,0.32558139534883723,15.490000000000002
B019DWX2Y6,ES,Espring,0.3880597014925373,15.545820895522388
B01LAUQ91M,US,Espring,0.5666666666666667,15.58258152
B01MA1M403,ES,Espring,0.0,15.589999999999998
B08LL4V6MD,ES,Espring,0.0,15.59
B08LL4V6MD,FR,Espring,1.0,15.59
B0829BCTTX,DE,Tritart,1.811764705882353,15.637058823529413
B01JAAUA0U,DE,Espring,7.395348837209302,15.646976744186048
B01N3SL15M,DE,Espring,0.1111111111111111,15.656666666666666
B0711HDC9L,DE,Espring,0.5932203389830508,15.667966101694915
B06XS97SKH,FR,H&S,1.1142857142857143,15.670000000000002
B0193JCAKG,DE,Espring,1.8780487804878048,15.685121951219513
B07WHHH7CY,ES,Tritart,0.1111111111111111,15.690000000000001
B07V6LGWMZ,FR,Espring,0.25925925925925924,15.693703703703703
B01648O8CM,FR,H&S,5.9186046511627906,15.699302325581394
B00C13AZEK,UK,H&S,14.126436781609195,15.699370662413791
B017DIQL0O,ES,Espring,1.1666666666666667,15.79
B07SWX3J6S,FR,Tritart,0.14705882352941177,15.801764705882352
B08Q45WM7G,FR,Tritart,0.03225806451612903,15.815806451612902
B01NATTRD3,ES,H&S,0.36363636363636365,15.838484848484848
B078X5N2K1,FR,H&S,2.675,15.852500000000001
B01JA9T2N2,US,Espring,0.9285714285714286,15.867714593095238
B07SNF9BKP,US,Espring,0.6363636363636364,15.886149668636364
B015H6NFPS,ES,Espring,0.19298245614035087,15.89
B01MQWUQZH,DE,Espring,0.4027777777777778,15.899722222222222
B08Q47YQBG,FR,Tritart,0.5384615384615384,15.932307692307692
B017GLWKXK,IT,H&S,0.7213114754098361,15.932622950819672
B019XTF03U,FR,Espring,0.1527777777777778,15.936111111111112
B01HOA4J5K,IT,Espring,2.2470588235294118,15.93729411764706
B018ASUHVU,IT,Espring,2.2470588235294118,15.95470588235294
B0829BCTTX,IT,Tritart,0.7738095238095238,15.960238095238097
B01BH6XFG6,UK,Espring,0.9666666666666667,15.9682415345
B07TTMNMLP,US,Espring,0.4230769230769231,15.984004791794872
B08LL4V6MD,IT,Espring,0.8571428571428571,15.99
B073ZMSSND,IT,Tritart,1.0,15.99
B01LMKPSGM,FR,H&S,0.48,15.99
B01JAAUA0U,ES,Espring,0.9506172839506173,15.99
B01LMKPSGM,IT,H&S,0.25925925925925924,15.99
B08D6GR44H,IT,Espring,1.3452380952380953,15.99
B07QVZWD4W,DE,Espring,2.4767441860465116,15.990000000000002
B09BHRB99F,ES,Espring,0.17073170731707318,15.99731707317073
B0872XDGWW,US,Espring,0.12903225806451613,16.025010611290323
B07DJQ81QT,PL,Tritart,0.1,16.055336082000004
B08FDXN154,DE,Espring,7.0344827586206895,16.05896551724138
B0875PQLS9,US,Espring,0.5873015873015873,16.064214487936507
B085TLR7QG,IT,Tritart,1.0,16.076666666666668
B00FAZ6L4Y,IT,H&S,0.1702127659574468,16.078936170212767
B01MRVUOAB,ES,H&S,0.7101449275362319,16.09144927536232
B017GLNHEG,UK,H&S,11.418604651162791,16.093174379069765
B08B3V248T,US,Espring,0.23529411764705882,16.10583741082353
B00C13AZEK,US,H&S,1.0147058823529411,16.11904935470588
B06XXCX7TD,FR,Espring,0.576271186440678,16.13237288135593
B07GPPQKCK,FR,Espring,0.25,16.135
B07TRLKYG6,ES,Espring,0.6666666666666666,16.136666666666667
B018ASUHVU,ES,Espring,0.6190476190476191,16.165595238095236
B06XY55WTJ,UK,H&S,3.8588235294117648,16.212465502
B07Q4C2Y7K,US,Espring,0.3333333333333333,16.245513326666668
B01KHR1P68,ES,Espring,0.0,16.25375
B07RLYF81N,DE,Espring,1.8372093023255813,16.26906976744186
B073ZMSSND,FR,Tritart,0.5892857142857143,16.275892857142857
B08YK68R6M,ES,Espring,0.13513513513513514,16.292027027027025
B092D82RGQ,DE,Tritart,0.8059701492537313,16.303432835820896
B07V4G6K18,FR,Espring,1.4230769230769231,16.331153846153846
B06X6G3FP1,DE,Espring,1.8644067796610169,16.342542372881358
B071WJFD25,ES,H&S,0.2,16.35
B07T83NWZ5,DE,Espring,4.77906976744186,16.35093023255814
B09FLHCNMQ,US,Espring,0.32432432432432434,16.351905091945945
B01MQWUQZH,FR,Espring,0.021739130434782608,16.360652173913046
B0829BCTTX,FR,Tritart,0.5833333333333334,16.382857142857144
B07DPTK7FG,UK,H&S,14.279069767441861,16.386875818255813
B01NBTJL36,FR,H&S,0.47058823529411764,16.401764705882353
B0829BCTTX,ES,Tritart,0.7209302325581395,16.41441860465116
B01BH6XFG6,IT,Espring,1.0,16.415
B071XNQZJ7,US,H&S,3.550561797752809,16.431282808651687
B016KSQ5F4,UK,H&S,2.152941176470588,16.434963544588236
B08ZXKKPHY,ES,Espring,0.056338028169014086,16.444647887323942
B07DPTK7FG,US,H&S,2.2151898734177213,16.451453928101266
B00TY1HA18,US,H&S,1.5681818181818181,16.458427235000002
B018ASUHVU,FR,Espring,0.573170731707317,16.47670731707317
B06Y2MZH39,US,H&S,0.9090909090909091,16.48406259
B07WK1M7Y8,ES,Tritart,0.0,16.49
B07M6PRNHG,US,H&S,11.3,16.499317482
B01M7RJXEE,UK,H&S,2.4942528735632186,16.504490236206895
B019DWX2Y6,IT,Espring,1.5769230769230769,16.525769230769228
B08ZY7Q88L,ES,Espring,0.14516129032258066,16.535806451612903
B071WJFD25,IT,H&S,0.0,16.563684210526315
B07QVZWD4W,ES,Espring,0.0,16.59
B07T83NWZ5,US,Espring,0.8421052631578947,16.597537093157893
B06Y2MZH39,UK,H&S,12.4,16.619566166117647
B07XMCM4B4,IT,Tritart,1.0769230769230769,16.65153846153846
B01LWJRCVJ,UK,Espring,1.9166666666666667,16.651836573333334
B016JQDRNU,US,H&S,4.415730337078652,16.695755351573034
B01BH6XFG6,ES,Espring,0.4,16.69909090909091
B017GLNHEG,IT,H&S,1.446808510638298,16.74468085106383
B015H6NFPS,FR,Espring,0.7272727272727273,16.79
B01G488QPC,IT,Espring,0.2972972972972973,16.817297297297298
B01G488QPC,ES,Espring,0.34210526315789475,16.833815789473682
B07WFHKFCN,ES,Tritart,0.1694915254237288,16.87135593220339
B078X5N2K1,ES,H&S,4.951219512195122,16.880243902439023
B0847TJHB1,DE,Espring,0.7093023255813954,16.89
B01G488QPC,FR,Espring,0.36231884057971014,16.913478260869564
B06Y4S6ZCP,ES,H&S,1.7790697674418605,16.924883720930232
B07CHDHCMR,US,H&S,0.0,16.933487493333335
B08DJ4WZWQ,US,Espring,8.511111111111111,16.93396023188889
B01648O8CM,IT,H&S,0.6666666666666666,16.939999999999998
B07TRLKYG6,FR,Espring,0.8,16.986
B0193JCAKG,IT,Espring,0.16279069767441862,16.98767441860465
B098XG9G97,ES,Espring,0.0,16.99
B00NBCCR0A,DE,H&S,2.3376623376623376,16.99
B08DJ4WZWQ,ES,Espring,0.75,16.99
B08FDXN154,ES,Espring,0.5384615384615384,16.99
B098XCZZ3Q,ES,Espring,0.0,16.99
B00C13AZEK,FR,H&S,0.17391304347826086,16.99
B015H6NFPS,IT,Espring,1.9186046511627908,16.99
B01HOA4J5K,FR,Espring,1.4024390243902438,16.99
B07V2B47V3,IT,Espring,1.3,16.990000000000002
B098XFYB62,ES,Espring,0.6,16.994
B00FAZ6L4Y,FR,H&S,0.07575757575757576,16.997575757575756
B07PPT27PH,IT,Espring,0.4875,17.000625
B01JP1QDKU,FR,Espring,1.3793103448275863,17.018965517241377
B07DJQ81QT,FR,Tritart,0.2608695652173913,17.04217391304348
B019XSNG96,DE,Espring,8.790697674418604,17.04813953488372
B09BHPLJ35,DE,Espring,0.3333333333333333,17.05
B017GLWKXK,FR,H&S,1.6065573770491803,17.05065573770492
B07GBK5SQL,US,H&S,5.819277108433735,17.062550769518072
B01648O8CM,ES,H&S,0.36363636363636365,17.086363636363636
B07CHDHCMR,ES,H&S,0.0784313725490196,17.09
B07WFHKFCN,FR,Tritart,0.07142857142857142,17.104285714285716
B07GBK5SQL,ES,H&S,1.8095238095238095,17.128095238095238
B07TZHYZ1N,IT,Tritart,0.045454545454545456,17.13613636363636
B01NATTRD3,IT,H&S,0.21052631578947367,17.17421052631579
B085TLR7QG,DE,Tritart,2.5294117647058822,17.189999999999998
B07GBK5SQL,DE,H&S,6.271428571428571,17.196285714285715
B071XNQZJ7,DE,H&S,3.2705882352941176,17.20176470588235
B01KHR1P68,IT,Espring,0.27906976744186046,17.221627906976742
B092YXWL35,ES,Tritart,0.2,17.222
B01MCT751U,UK,H&S,13.883720930232558,17.223345229534882
B01LWJRCVJ,DE,Espring,3.823529411764706,17.245294117647056
B017DIQL0O,FR,Espring,0.8571428571428571,17.29
B07WHHH7CY,FR,Tritart,0.0,17.29
B07XYX7Y43,DE,Tritart,1.2,17.315714285714286
B0857K4H2V,UK,Espring,0.1590909090909091,17.346705909545452
B01J7YPHCU,IT,Espring,0.3064516129032258,17.35290322580645
B06Y2MZH39,ES,H&S,0.5428571428571428,17.36714285714286
B016JQDRNU,UK,H&S,4.965116279069767,17.37224741511628
B07XYX7Y43,ES,Tritart,1.0,17.39
B01HBA2IM4,US,Espring,1.7191011235955056,17.391598352808987
B07RLYF81N,IT,Espring,3.546511627906977,17.476046511627906
B06XVJL3NP,DE,H&S,3.0,17.49
B07WFHKFCN,IT,Tritart,0.3974358974358974,17.493846153846153
B016JQDRNU,ES,H&S,1.4761904761904763,17.537619047619046
B078PY739S,IT,H&S,1.0317460317460319,17.56142857142857
B08DJ4WZWQ,IT,Espring,0.3125,17.583125
B07CHDHCMR,IT,H&S,0.09090909090909091,17.59
B01JIVXOUO,DE,Espring,1.7088607594936709,17.61025316455696
B016AHAPJC,UK,H&S,1.5357142857142858,17.633511117738095
B09HQWG145,ES,Espring,0.6436781609195402,17.665862068965517
B07WK1M7Y8,IT,Tritart,0.03571428571428571,17.66857142857143
B01JA9T2N2,UK,Espring,7.647058823529412,17.669526880941177
B085TLR7QG,FR,Tritart,0.5,17.675161290322578
B08PFTKQRB,DE,Espring,0.36363636363636365,17.762727272727272
B0711HDC9L,ES,Espring,0.3387096774193548,17.78032258064516
B01MQWUQZH,IT,Espring,0.0,17.78142857142857
B019XSNG96,IT,Espring,0.2753623188405797,17.80159420289855
B00FHGCK32,ES,H&S,0.8135593220338984,17.81203389830508
B01KHR1P68,FR,Espring,0.3088235294117647,17.812058823529412
B08ZXPXKWK,ES,Espring,0.15384615384615385,17.81276923076923
B07TMN2NY5,DE,Espring,0.7325581395348837,17.836511627906976
B07TQSP4Y5,DE,Espring,0.34523809523809523,17.85904761904762
B019XSNG96,ES,Espring,0.3611111111111111,17.865
B092JHRZ4H,ES,Espring,0.4444444444444444,17.88888888888889
B07TZHYZ1N,FR,Tritart,0.07142857142857142,17.909761904761904
B07QD5X6M4,FR,Espring,0.12048192771084337,17.928313253012046
B017GLNHEG,FR,H&S,1.2682926829268293,17.95341463414634
B07CHDHCMR,FR,H&S,0.05,17.99
B0193JCAKG,ES,Espring,1.0,17.99
B07DPTK7FG,DE,H&S,1.8588235294117648,17.99
B017DIQL0O,IT,Espring,0.5416666666666666,17.99
B07WK1M7Y8,FR,Tritart,0.14285714285714285,17.99
B01NATTRD3,FR,H&S,0.7272727272727273,17.99
B07Z67GS2K,ES,Espring,0.0625,18.0121875
B00FHGCK32,IT,H&S,0.9574468085106383,18.056170212765956
B00C13AZEK,IT,H&S,1.2352941176470589,18.060588235294116
B01N3UZDFH,US,H&S,2.1232876712328768,18.060726866027395
B071XNQZJ7,UK,H&S,11.988372093023257,18.061493107325578
B00FHGCK32,DE,H&S,0.5813953488372093,18.083023255813952
B019DWX2Y6,FR,Espring,0.6086956521739131,18.085
B07TC4YGQ8,ES,Espring,0.04938271604938271,18.088765432098764
B00FHGGUT2,DE,H&S,1.105263157894737,18.103684210526318
B07VXN786X,ES,Tritart,0.6363636363636364,18.177272727272726
B07GBK5SQL,IT,H&S,1.6734693877551021,18.19408163265306
B07RLYF81N,FR,Espring,1.9240506329113924,18.20012658227848
B01BH6XFG6,FR,Espring,0.7435897435897436,18.200256410256408
B07TMN2NY5,ES,Espring,0.03773584905660377,18.25566037735849
B01JA9T2N2,DE,Espring,1.2911392405063291,18.255822784810125
B07RLYF81N,ES,Espring,0.6666666666666666,18.294545454545457
B08FDXN154,IT,Espring,1.1111111111111112,18.301111111111112
B01LWJRCVJ,ES,Espring,1.6585365853658536,18.313170731707316
B016CQV2E8,UK,H&S,8.104651162790697,18.33358888697674
B01LWJRCVJ,IT,Espring,1.411764705882353,18.33705882352941
B085TLR7QG,UK,Tritart,0.0,18.35820896
B07DJQ81QT,DE,Tritart,1.188235294117647,18.378235294117644
B09Q3BRSPV,US,Espring,0.4444444444444444,18.383684072
B06Y4S6ZCP,IT,H&S,0.3157894736842105,18.389999999999997
B08NC1SV16,ES,Espring,0.14285714285714285,18.390000000000004
B07GBK5SQL,FR,H&S,2.5689655172413794,18.427931034482757
B07XYX7Y43,IT,Tritart,0.09433962264150944,18.452264150943396
B07DPTK7FG,ES,H&S,0.9764705882352941,18.49
B016KSQ5F4,ES,H&S,0.3611111111111111,18.49
B085TLR7QG,ES,Tritart,0.425,18.49975
B01HXOSRYG,DE,Espring,1.5121951219512195,18.507073170731708
B01JA6LPJE,DE,Espring,1.7701149425287357,18.523333333333333
B01HFIONTS,ES,Espring,0.2857142857142857,18.532857142857146
B07Z67GS2K,FR,Espring,0.0,18.575454545454544
B016JQDRNU,DE,H&S,3.3372093023255816,18.62953488372093
B016AHAPJC,DE,H&S,3.7176470588235295,18.660588235294117
B098XFGXM4,ES,Espring,0.26666666666666666,18.665999999999997
B00FHGCK32,FR,H&S,1.6595744680851063,18.70042553191489
B07XYX7Y43,FR,Tritart,0.0,18.70111111111111
B06Y2MZH39,DE,H&S,1.9186046511627908,18.705116279069767
B071XNQZJ7,ES,H&S,2.2093023255813953,18.74581395348837
B07VXN786X,FR,Tritart,1.3793103448275863,18.761724137931033
B08DJ4WZWQ,FR,Espring,1.7049180327868851,18.77688524590164
B01MRITT0F,US,H&S,2.3417721518987342,18.78372019670886
B08Q46G2CG,ES,Tritart,1.0,18.784999999999997
B016CQV2E8,ES,H&S,1.5853658536585367,18.807073170731705
B07PQQRNBM,DE,Espring,0.05454545454545454,18.819999999999997
B00NBCCR0A,IT,H&S,1.0909090909090908,18.838484848484846
B017GLNHEG,US,H&S,0.01818181818181818,18.91963147418182
B07TC4YGQ8,IT,Espring,0.12790697674418605,18.96511627906977
B07TTMNMLP,DE,Espring,10.64367816091954,18.967011494252873
B08B3V248T,DE,Espring,3.760869565217391,18.99
B07GKV4789,FR,H&S,0.11363636363636363,18.99
B08Q46G2CG,DE,Tritart,2.0694444444444446,18.99
B00FHGGUT2,IT,H&S,0.4166666666666667,18.99
B01HBA2IM4,DE,Espring,9.734375,19.02125
B072BBQ3M5,US,H&S,2.597560975609756,19.03176383804878
B01JA6LPJE,ES,Espring,5.511627906976744,19.038837209302326
B09C8HV2R9,ES,Espring,0.45,19.1755
B07VXN786X,IT,Tritart,1.7741935483870968,19.184838709677415
B0711HDC9L,FR,Espring,0.6956521739130435,19.207391304347826
B072P2MH3T,DE,Tritart,1.813953488372093,19.222558139534883
B016CQV2E8,DE,H&S,2.380952380952381,19.29952380952381
B092D82RGQ,ES,Tritart,0.0,19.3621875
B073XSJMK5,DE,Tritart,0.9310344827586207,19.403793103448276
B07X3KHZFV,ES,Espring,0.5211267605633803,19.40605633802817
B0193JCAKG,FR,Espring,0.21212121212121213,19.420757575757577
B0711HDC9L,IT,Espring,0.47674418604651164,19.436511627906977
B093SYNCB3,DE,Espring,3.7254901960784315,19.44098039215686
B07TQSP4Y5,ES,Espring,0.0,19.475
B08Q346F19,FR,Tritart,0.05555555555555555,19.478888888888886
B07QVZWD4W,IT,Espring,0.23333333333333334,19.49
B09WJ1JKWP,DE,Espring,1.1764705882352942,19.49
B072BBQ3M5,ES,H&S,0.49382716049382713,19.49
B07J5SM2HC,FR,H&S,0.20689655172413793,19.54448275862069
B06Y4S6ZCP,FR,H&S,1.3888888888888888,19.55388888888889
B07TC4YGQ8,FR,Espring,0.21311475409836064,19.59426229508197
B01MRE01HV,DE,Espring,1.9661016949152543,19.634067796610168
B08PFTKQRB,IT,Espring,0.14285714285714285,19.647142857142857
B08Q346F19,IT,Tritart,0.05660377358490566,19.65679245283019
B08Q46G2CG,FR,Tritart,0.11666666666666667,19.667666666666666
B07Q4C2Y7K,DE,Espring,5.465116279069767,19.74581395348837
B07PXT4CKX,ES,Espring,0.8735632183908046,19.748620689655173
B0857K4ZDQ,DE,Espring,1.3214285714285714,19.775714285714283
B07PXT4CKX,IT,Espring,0.75,19.779473684210522
B072P2MH3T,ES,Tritart,1.0,19.8025
B08Q346F19,DE,Tritart,0.43037974683544306,19.888734177215188
B01N3SL15M,IT,Espring,1.09375,19.911875
B01JA6LPJE,IT,Espring,0.5662650602409639,19.93578313253012
B01MXVFWJM,FR,H&S,0.27710843373493976,19.99
B08ZXT53T4,DE,Espring,0.7833333333333333,19.99
B01LXDUAVI,IT,Espring,0.0,19.99
B01LXDUAVI,ES,Espring,0.0,19.99
B08Q46G2CG,IT,Tritart,0.45454545454545453,20.022467532467534
B01MRVUOAB,IT,H&S,1.1481481481481481,20.064074074074075
B01N3UZDFH,DE,H&S,3.4615384615384617,20.06692307692308
B01N1F59Q4,DE,Espring,3.6666666666666665,20.07695652173913
B01JA6LPJE,UK,Espring,0.6538461538461539,20.08036739
B01MXVFWJM,ES,H&S,0.015384615384615385,20.09
B01HMJ2LQW,DE,Espring,5.186046511627907,20.10279069767442
B016JQDRNU,IT,H&S,1.670731707317073,20.118048780487804
B01MCT751U,US,H&S,2.625,20.129113458214285
B073ZN6SH9,US,Tritart,3.932584269662921,20.14487119910112
B08FQWZDQP,FR,Tritart,0.1951219512195122,20.180243902439024
B08LPRLZLT,ES,Espring,0.8461538461538461,20.197692307692307
B01LWJRCVJ,FR,Espring,2.141025641025641,20.20153846153846
B016AHAPJC,IT,H&S,2.4823529411764707,20.206470588235295
B07FT9R697,DE,Espring,0.546875,20.20875
B092D82RGQ,FR,Tritart,0.08333333333333333,20.245833333333334
B08CGYF2L5,DE,Espring,0.6111111111111112,20.267777777777777
B07TQSP4Y5,IT,Espring,0.05,20.288999999999998
B07TMN2NY5,IT,Espring,0.10256410256410256,20.29307692307692
B06XVJL3NP,IT,H&S,0.6666666666666666,20.323333333333334
B07FT9FHCR,DE,Espring,0.0,20.323333333333334
B093SYNCB3,ES,Espring,0.2558139534883721,20.364418604651163
B078PY739S,FR,H&S,0.5757575757575758,20.3930303030303
B08DD1R735,ES,Tritart,0.1956521739130435,20.468260869565217
B073ZN6SH9,DE,Tritart,8.188888888888888,20.474444444444444
B016KSQ5F4,IT,H&S,0.18181818181818182,20.49
B07DJQ81QT,IT,Tritart,1.0,20.49
B01M2Y5TFQ,US,H&S,4.855421686746988,20.499992329999998
B07PXT4CKX,FR,Espring,2.5176470588235293,20.532117647058822
B072P2MH3T,IT,Tritart,0.27380952380952384,20.60904761904762
B072BBQ3M5,DE,H&S,4.186046511627907,20.630697674418602
B00BBL0OPS,UK,H&S,3.2790697674418605,20.659502869534887
B01IF16N8I,IT,Espring,0.5,20.660357142857144
B016AHAPJC,US,H&S,0.898876404494382,20.68307572213483
B07DJQ81QT,ES,Tritart,1.0,20.69
B08Q346F19,ES,Tritart,0.16666666666666666,20.767142857142854
B01LXDUAVI,FR,Espring,0.037037037037037035,20.767777777777773
B01MRVUOAB,FR,H&S,0.52,20.805999999999997
B00TY2O8QC,FR,H&S,0.13513513513513514,20.89
B016AHAPJC,ES,H&S,1.8421052631578947,20.916315789473682
B09BHPLJ35,ES,Espring,0.08163265306122448,20.93387755102041
B071XNQZJ7,IT,H&S,1.1290322580645162,20.973870967741934
B01MQIXA4C,IT,Espring,0.18181818181818182,20.99
B07X3KHZFV,DE,Espring,1.0121951219512195,20.99
B07T83NWZ5,ES,Espring,0.25806451612903225,20.99
B019XSNG96,FR,Espring,0.6511627906976745,20.99
B06Y2MZH39,IT,H&S,0.058823529411764705,20.99
B01I9P24BK,DE,Espring,2.259259259259259,20.99
B071LHTNJP,ES,Espring,0.109375,20.999687499999997
B07TMN2NY5,FR,Espring,0.3333333333333333,21.011666666666667
B073XSJMK5,IT,Tritart,0.46153846153846156,21.022820512820513
B09FLKHDTW,US,Espring,0.2037037037037037,21.04370193925926
B00FHGGUT2,FR,H&S,0.21428571428571427,21.134999999999998
B08CGYF2L5,ES,Espring,1.0,21.15
B07TQSP4Y5,FR,Espring,0.2,21.154
B071LHTNJP,DE,Espring,1.9186046511627908,21.176046511627906
B01MXVFWJM,IT,H&S,0.047619047619047616,21.19
B072P2MH3T,FR,Tritart,0.275,21.24
B00NBCCR0A,FR,H&S,45.0,21.31
B088RHVC9K,DE,Espring,1.7407407407407407,21.335679012345675
B08DD1R735,DE,Tritart,1.2881355932203389,21.35271186440678
B01HXOSRYG,UK,Espring,0.5542168674698795,21.366657612771085
B073ZN6SH9,IT,Tritart,1.3333333333333333,21.414242424242424
B01M2Y5TFQ,UK,H&S,22.571428571428573,21.526455577012985
B0857JRBR2,DE,Espring,0.5,21.535454545454545
B01I9P24BK,ES,Espring,0.1724137931034483,21.54632183908046
B016CQV2E8,FR,H&S,0.7868852459016393,21.547377049180326
B01LAUQ91M,DE,Espring,2.9069767441860463,21.559767441860462
B07SNF9BKP,DE,Espring,4.058139534883721,21.559767441860462
B08NDXVJ25,ES,Espring,0.0,21.59
B092R75512,ES,Espring,0.10714285714285714,21.599999999999998
B073XSJMK5,ES,Tritart,0.7586206896551724,21.605057471264367
B06Y2MZH39,FR,H&S,0.2,21.75
B08CGYF2L5,IT,Espring,1.4444444444444444,21.75888888888889
B07PXT4CKX,DE,Espring,1.7183098591549295,21.806901408450702
B07WZGLMMN,DE,Espring,1.3928571428571428,21.847142857142853
B073XSJMK5,FR,Tritart,0.25333333333333335,21.8524
B0857K4ZDQ,ES,Espring,0.3235294117647059,21.89
B071XNQZJ7,FR,H&S,1.7945205479452055,21.928356164383562
B016LHY28G,FR,H&S,0.12307692307692308,21.928461538461537
B01JA9T2N2,IT,Espring,0.34545454545454546,21.99
B092YSB3T2,ES,Tritart,1.0,21.99
B073ZN6SH9,ES,Tritart,0.9655172413793104,21.99
B073ZN6SH9,FR,Tritart,2.0804597701149423,21.99
B01M7RJXEE,ES,H&S,0.12987012987012986,21.99
B07DPTK7FG,IT,H&S,1.2705882352941176,21.99
B07QVZWD4W,FR,Espring,0.19696969696969696,21.99
B072BBQ3M5,IT,H&S,1.2307692307692308,21.990000000000002
B01N1F59Q4,IT,Espring,0.24615384615384617,22.026923076923076
B016KSQ5F4,US,H&S,0.35526315789473684,22.064952326578947
B0875PQLS9,DE,Espring,0.8470588235294118,22.08411764705882
B071LHTNJP,UK,Espring,0.3950617283950617,22.106583816049383
B0872XDGWW,DE,Espring,0.125,22.115
B01I9P24BK,IT,Espring,0.16049382716049382,22.13888888888889
B01JA6LPJE,FR,Espring,0.5977011494252874,22.18
B0872W1YTK,DE,Espring,0.3132530120481928,22.24301204819277
B01MCT751U,DE,H&S,3.441860465116279,22.26906976744186
B06X6G3FP1,IT,Espring,0.36363636363636365,22.405909090909088
B088RD39YR,DE,Espring,0.5531914893617021,22.436808510638297
B016CQV2E8,IT,H&S,0.328125,22.45875
B0857K4ZDQ,IT,Espring,0.2857142857142857,22.529285714285717
B01M2Y5TFQ,DE,H&S,16.211267605633804,22.567464788732394
B09FLHCNMQ,ES,Espring,0.2037037037037037,22.59
B07T83NWZ5,IT,Espring,0.5487804878048781,22.59
B084WS4SRY,DE,Espring,0.9583333333333334,22.628888888888888
B01I9P24BK,FR,Espring,0.4153846153846154,22.662615384615382
B07WPW5TGJ,DE,Espring,0.8953488372093024,22.68767441860465
B06XVJL3NP,FR,H&S,0.8,22.689999999999998
B00C13AZEA,ES,H&S,1.6666666666666667,22.69175438596491
B07X3KHZFV,FR,Espring,0.20270270270270271,22.695135135135132
B071LHTNJP,IT,Espring,0.47297297297297297,22.69689189189189
B071LHTNJP,FR,Espring,1.5632183908045978,22.73896551724138
B07X2L2YSH,DE,Espring,0.9318181818181818,22.762727272727272
B06X6G3FP1,ES,Espring,1.0,22.79
B08J45NYBM,US,Espring,1.1578947368421053,22.797197665000002
B01HBA2IM4,ES,Espring,2.3333333333333335,22.832105263157892
B01JA9T2N2,ES,Espring,0.23376623376623376,22.84974025974026
B092D6Z5S6,ES,Espring,0.12857142857142856,22.865714285714283
B01HBA2IM4,IT,Espring,1.3636363636363635,22.899090909090905
B06X6G3FP1,FR,Espring,1.5238095238095237,22.904285714285713
B016JQDRNU,FR,H&S,1.05,22.99
B07DPTK7FG,FR,H&S,1.0919540229885059,22.99
B01MCT751U,IT,H&S,1.435897435897436,22.99
B016KSQ5F4,FR,H&S,0.8444444444444444,22.99
B08Y5L4HV5,ES,Espring,0.8461538461538461,22.990000000000002
B0857K4ZDQ,UK,Espring,0.7215189873417721,23.00372743063291
B0847TJHB1,IT,Espring,0.21052631578947367,23.063684210526315
B0857JRBR2,UK,Espring,2.441860465116279,23.093762185348837
B0872W1YTK,ES,Espring,0.25,23.115
B08F5C44LT,US,Espring,0.8285714285714286,23.129719334571426
B00BVG3JMS,UK,H&S,9.310344827586206,23.174657768505746
B01HXOSRYG,ES,Espring,0.5538461538461539,23.196153846153845
B01LXCW0VK,DE,Espring,0.5384615384615384,23.35923076923077
B072BBQ3M5,FR,H&S,0.8285714285714286,23.446571428571428
B092D6LYT3,DE,Tritart,1.671641791044776,23.457164179104478
B01LAUQ91M,ES,Espring,0.7222222222222222,23.487777777777776
B016AHAPJC,FR,H&S,0.9,23.49
B01M7RJXEE,DE,H&S,0.8433734939759037,23.52614457831325
B01HXOSRYG,IT,Espring,4.364705882352941,23.566470588235294
B08NDVT5TR,ES,Espring,0.3333333333333333,23.69
B00TY1HA18,UK,H&S,4.976470588235294,23.72780532764706
B08DD1R735,FR,Tritart,0.25,23.767777777777777
B01HMJ2LQW,ES,Espring,0.09615384615384616,23.805192307692305
B01JA9T2N2,FR,Espring,0.8255813953488372,23.84116279069767
B073ZN6SH9,UK,Tritart,6.080459770114943,23.85012020551724
B00TY1HA18,DE,H&S,1.0416666666666667,23.893749999999997
B01MCT751U,ES,H&S,0.4,23.974588235294117
B016LHY28G,IT,H&S,0.0,23.99
B01HMJ2LQW,IT,Espring,0.6705882352941176,24.02129411764706
B07J5SM2HC,ES,H&S,0.14285714285714285,24.108571428571427
B071LJBPNT,ES,H&S,0.0,24.215384615384615
B01LAUQ91M,FR,Espring,0.8444444444444444,24.28511111111111
B01LAUQ91M,IT,Espring,1.1935483870967742,24.323548387096775
B08J45NYBM,DE,Espring,1.3214285714285714,24.382857142857144
B01HBA2IM4,FR,Espring,2.5925925925925926,24.397407407407403
B07Q4C2Y7K,IT,Espring,1.2222222222222223,24.46777777777778
B0872W1YTK,FR,Espring,0.16666666666666666,24.485
B07Q4C2Y7K,FR,Espring,2.1139240506329116,24.540886075949363
B00C13AZEA,DE,H&S,2.830769230769231,24.585384615384616
B09GY9XQ76,DE,Espring,0.4024390243902439,24.624146341463412
B01MA1M403,FR,Espring,1.125,24.63625
B092D6LYT3,ES,Tritart,1.25,24.7725
B07SNF9BKP,IT,Espring,0.5138888888888888,24.778194444444445
B00BBL0OPS,ES,H&S,0.07792207792207792,24.8925974025974
B00BVTF9GE,UK,H&S,1.0,24.91389208
B016KSQ5F4,DE,H&S,0.6808510638297872,24.934680851063828
B01MCT751U,FR,H&S,0.4,24.99
B07T83NWZ5,FR,Espring,0.2875,24.99
B07SNF9BKP,FR,Espring,0.6956521739130435,25.036304347826082
B085F3767Z,DE,Espring,1.40625,25.0525
B00C13AZEA,UK,H&S,13.453488372093023,25.17504204686047
B01M7RJXEE,FR,H&S,0.07246376811594203,25.39
B07D3RXR76,DE,Tritart,1.3658536585365855,25.443658536585367
B00BVG3JMS,US,H&S,4.819444444444445,25.443746526805555
B0857K4ZDQ,FR,Espring,0.4,25.49
B07D3RXR76,ES,Tritart,0.42857142857142855,25.61642857142857
B08WWP4HF4,ES,Tritart,1.0,25.69
B01M2Y5TFQ,IT,H&S,4.176470588235294,25.725294117647056
B00BVG3JMS,DE,H&S,5.6976744186046515,25.99
B07SNF9BKP,ES,Espring,0.2857142857142857,26.115
B084BZWGHC,IT,Espring,2.282608695652174,26.120434782608694
B01M2Y5TFQ,ES,H&S,1.0508474576271187,26.193389830508472
B07D3RXR76,IT,Tritart,0.3333333333333333,26.341851851851853
B07D3RXR76,FR,Tritart,0.3333333333333333,26.354166666666668
B01HXOSRYG,FR,Espring,0.3815789473684211,26.358421052631577
B01HMJ2LQW,FR,Espring,1.4722222222222223,26.48833333333333
B00C13AZEA,IT,H&S,3.6986301369863015,26.55849315068493
B00C13AZEA,US,H&S,0.4520547945205479,26.565991183287668
B084BWY8FP,DE,Espring,0.6829268292682927,26.660731707317073
B084BZWGHC,DE,Espring,1.9404761904761905,26.668571428571425
B01MSMAO37,DE,Espring,2.1882352941176473,26.67235294117647
B00C13AZEA,FR,H&S,0.7272727272727273,26.680909090909093
B088RDPTJH,DE,Espring,0.5813953488372093,26.734186046511628
B085F3767Z,ES,Espring,0.5,26.79
B00TY1HA18,ES,H&S,0.6428571428571429,26.99
B07Q4C2Y7K,ES,Espring,1.8333333333333333,27.048333333333332
B07CZMTRJ8,DE,Tritart,1.3404255319148937,27.075106382978724
B01M7RJXEE,US,H&S,0.45454545454545453,27.144764092272727
B071LJBPNT,FR,H&S,1.0555555555555556,27.16111111111111
B01LPSMHS8,DE,Espring,2.75,27.365
B07CZMTRJ8,ES,Tritart,0.19444444444444445,27.600277777777777
B00BVG3JMS,FR,H&S,2.026666666666667,27.817999999999998
B07CZMTRJ8,FR,Tritart,1.0769230769230769,27.913076923076922
B00TY1HA18,IT,H&S,0.0,27.989999999999995
B07TXKGRX7,DE,Espring,1.0,27.99
B07V3CRY3V,DE,Espring,1.0,27.99
B07TGFSLCB,FR,Tritart,0.07692307692307693,27.99153846153846
B0857JRBR2,ES,Espring,0.16666666666666666,28.195128205128203
B07TP1ZMVN,DE,Espring,1.1176470588235294,28.34294117647059
B0857JRBR2,FR,Espring,0.28378378378378377,28.435945945945942
B09FLKHDTW,ES,Espring,0.038461538461538464,28.66846153846154
B01ICXZED4,DE,Espring,6.604651162790698,28.757441860465114
B085F3767Z,IT,Espring,1.25,28.76
B01M2Y5TFQ,FR,H&S,1.2380952380952381,28.847142857142856
B00BVG3JMS,ES,H&S,0.5972222222222222,28.989999999999995
B09R83JDGN,DE,Espring,1.4,28.99
B09GY9XQ76,ES,Espring,0.573170731707317,29.100975609756095
B07CZMTRJ8,IT,Tritart,0.047619047619047616,29.13285714285714
B09WNXM8T7,DE,Espring,1.7727272727272727,29.171363636363637
B071LJBPNT,IT,H&S,0.0,29.29
B07TGFSLCB,DE,Tritart,1.0112359550561798,29.31584269662921
B092JGT1QB,ES,Espring,0.3793103448275862,29.495747126436783
B00C13AZFE,US,H&S,0.6962025316455697,29.589192946835443
B0727Q3H5D,DE,Espring,0.6363636363636364,29.671818181818182
B07V5GJ2QR,DE,Espring,1.1,29.99
B00TY1HA18,FR,H&S,0.8,29.99
B01LPSMHS8,ES,Espring,0.0,29.99
B01M7RJXEE,IT,H&S,0.14285714285714285,29.99
B00BVG3JMS,IT,H&S,0.8588235294117647,29.990000000000002
B00C13AZFE,DE,H&S,0.6,30.090000000000003
B084BZWGHC,ES,Espring,0.38095238095238093,30.19
B084BWY8FP,ES,Espring,0.45454545454545453,30.49
B085F3767Z,FR,Espring,0.75,30.5
B01MSMAO37,ES,Espring,0.36363636363636365,30.60636363636364
B0727Q3H5D,ES,Espring,2.1494252873563218,30.61068965517241
B00BBL0OPS,FR,H&S,0.4268292682926829,30.611951219512193
B01IHT0V18,DE,Espring,0.559322033898305,30.62559322033898
B00C13AZFE,UK,H&S,9.411764705882353,30.99677016129412
B00C13AZFE,ES,H&S,1.3837209302325582,31.431860465116277
B082KJ7M34,DE,Tritart,1.8295454545454546,31.762727272727272
B00BBL0OPS,DE,H&S,0.31343283582089554,31.825820895522387
B084BWY8FP,IT,Espring,1.0,31.99
B01MSMAO37,IT,Espring,0.5072463768115942,32.24188405797101
B084BZWGHC,FR,Espring,0.8255813953488372,32.524883720930234
B01LXCW0VK,ES,Espring,0.2857142857142857,32.82
B01ICXZED4,ES,Espring,0.8160919540229885,33.00149425287356
B082KJ7M34,UK,Tritart,0.4,33.415896249999996
B01IHT0V18,IT,Espring,0.03508771929824561,33.43666666666667
B08Z9ZD2ZY,DE,Espring,0.5,33.95875
B01ICXZED4,IT,Espring,2.7529411764705882,33.99
B01HFJEZ68,DE,Espring,1.0238095238095237,33.99
B01MSMAO37,FR,Espring,0.7701149425287356,34.481034482758616
B00BBL0OPS,IT,H&S,0.05555555555555555,34.82333333333334
B00C13AZFE,FR,H&S,0.8275862068965517,34.99
B01LPSMHS8,IT,Espring,0.7142857142857143,34.99
B0727Q3H5D,IT,Espring,0.7529411764705882,35.22529411764706
B082KJ7M34,ES,Tritart,0.1625,35.705625000000005
B073WNN94R,US,Tritart,0.6666666666666666,36.19004525
B084BWY8FP,FR,Espring,0.24561403508771928,36.99
B0727Q3H5D,FR,Espring,0.5753424657534246,37.00369863013699
B092D4P7SL,ES,Espring,0.15151515151515152,37.18757575757576
B01LPSMHS8,FR,Espring,1.8,37.39
B01HFJEZ68,ES,Espring,0.07352941176470588,38.35294117647059
B082KJ7M34,FR,Tritart,0.1774193548387097,39.32645161290323
B08F5CKKL1,DE,Espring,2.3411764705882354,39.33117647058824
B082KJ7M34,IT,Tritart,0.30952380952380953,39.571666666666665
B073WNN94R,DE,Tritart,7.595238095238095,39.78785714285715
B00C13AZFE,IT,H&S,0.5357142857142857,39.99
B092D4P7SL,DE,Espring,0.38271604938271603,39.99
B092PW7WF9,DE,Tritart,1.2063492063492063,40.41857142857143
B092PW7WF9,ES,Tritart,0.16666666666666666,40.82666666666667
B073WNN94R,ES,Tritart,1.0,41.82241379310345
B073WNN94R,IT,Tritart,0.2708333333333333,42.802083333333336
B073WNN94R,FR,Tritart,1.6136363636363635,43.81727272727273
B073WNN94R,UK,Tritart,0.9104477611940298,46.921395251343284
B07TLVG7ZP,DE,Espring,1.05,47.09
