ASIN,MARKETPLACE,BRAND_NAME,correlation_coeff
B00BBL0OPS,DE,H&S,-0.22843599992371638
B00BBL0OPS,ES,H&S,-0.13865747690480554
B00BBL0OPS,FR,H&S,-0.08514368271094437
B00BBL0OPS,IT,H&S,0.07312724241271308
B00BBL0OPS,UK,H&S,-0.3459667000848451
B00BVG3JMS,DE,H&S,0.0
B00BVG3JMS,ES,H&S,0.0
B00BVG3JMS,FR,H&S,-0.08883916152643677
B00BVG3JMS,IT,H&S,0.0
B00BVG3JMS,UK,H&S,-0.08789897064655908
B00BVG3JMS,US,H&S,-0.4613110437145771
B00BVTF9GE,US,H&S,-0.46504900686844286
B00BVUIVYU,DE,H&S,-0.3091474078133512
B00BVUIVYU,ES,H&S,-0.08043547131019563
B00BVUIVYU,FR,H&S,-0.06664487782521988
B00BVUIVYU,IT,H&S,0.111595996903873
B00BVUIVYU,UK,H&S,-0.1658482863892593
B00BVUIVYU,US,H&S,-0.24137926727177045
B00C01Z4BC,DE,H&S,-0.06749861997675075
B00C01Z4BC,ES,H&S,0.0
B00C01Z4BC,FR,H&S,0.0
B00C01Z4BC,IT,H&S,0.0
B00C01Z4BC,PL,H&S,-0.4305853491748064
B00C01Z4BC,UK,H&S,0.04536173101445817
B00C01Z4BC,US,H&S,-0.05672550832602386
B00C13AZEA,DE,H&S,0.2573448244240815
B00C13AZEA,ES,H&S,0.05150190126843879
B00C13AZEA,FR,H&S,0.04761904761904762
B00C13AZEA,IT,H&S,0.10288518929951111
B00C13AZEA,UK,H&S,0.13206596371448767
B00C13AZEA,US,H&S,-0.12393677156307971
B00C13AZEK,DE,H&S,0.0
B00C13AZEK,ES,H&S,0.06186552117263072
B00C13AZEK,FR,H&S,0.0
B00C13AZEK,IT,H&S,0.11418170935008126
B00C13AZEK,PL,H&S,0.9255457154108938
B00C13AZEK,UK,H&S,-0.23769112258390257
B00C13AZEK,US,H&S,-0.2615011167529317
B00C13AZFE,DE,H&S,0.0
B00C13AZFE,ES,H&S,-0.14882030423462095
B00C13AZFE,FR,H&S,0.0
B00C13AZFE,IT,H&S,0.0
B00C13AZFE,UK,H&S,-0.02426367627616889
B00C13AZFE,US,H&S,0.16601599117268234
B00C1S9C4Y,DE,H&S,-0.593493105295573
B00C1S9C4Y,ES,H&S,-0.13847976555620664
B00C1S9C4Y,FR,H&S,-0.4211810168760606
B00C1S9C4Y,IT,H&S,-0.1716703521118486
B00C1S9C4Y,UK,H&S,-0.022433856930855343
B00C1S9C4Y,US,H&S,-0.08744026624902643
B00DHPM6GG,UK,H&S,0.15760428699532433
B00DHPM6GG,US,H&S,-0.48021404942574203
B00FAZ6L4Y,DE,H&S,0.32719672639307595
B00FAZ6L4Y,ES,H&S,0.0
B00FAZ6L4Y,FR,H&S,-0.03551104121142175
B00FAZ6L4Y,IT,H&S,0.06764090781550947
B00FAZ6L4Y,UK,H&S,0.08755741989524266
B00FAZ6L4Y,US,H&S,0.28274885550029294
B00FHGCK32,DE,H&S,-0.030969207267646598
B00FHGCK32,ES,H&S,-0.09476656550036838
B00FHGCK32,FR,H&S,-0.17889480370167857
B00FHGCK32,IT,H&S,-0.20058008834350496
B00FHGCK32,UK,H&S,-0.16560697410133243
B00FHGCK32,US,H&S,0.3768426690835838
B00FHGGUT2,DE,H&S,-0.02269501034695027
B00FHGGUT2,ES,H&S,0.0
B00FHGGUT2,FR,H&S,-0.07815835540142967
B00FHGGUT2,IT,H&S,0.0
B00FHGGUT2,UK,H&S,0.06345491048776139
B00FHGGUT2,US,H&S,0.04631306731789421
B00K1Q9HIE,ES,H&S,0.0
B00K1Q9HIE,FR,H&S,0.0
B00K1Q9HIE,IT,H&S,0.0
B00K1Q9HIE,UK,H&S,-0.37259306337086223
B00K1Q9HIE,US,H&S,-0.177306946562708
B00MVG3X6Y,UK,H&S,0.013599337420365575
B00MVG3X6Y,US,H&S,-0.06938418664258454
B00NBCCR0A,DE,H&S,0.0
B00NBCCR0A,IT,H&S,-0.161198024448813
B00NBCCR0A,UK,H&S,0.07195661908793906
B00NBCCR0A,US,H&S,-0.16569976828772706
B00TY0BZ56,DE,H&S,-0.33763986288264136
B00TY0BZ56,ES,H&S,-0.3022524567288879
B00TY0BZ56,FR,H&S,-0.046831192469250105
B00TY0BZ56,IT,H&S,-0.0859757345015262
B00TY0BZ56,UK,H&S,-0.27316981222298947
B00TY0BZ56,US,H&S,0.13679447302106185
B00TY1HA18,DE,H&S,0.2706010152101018
B00TY1HA18,ES,H&S,0.0
B00TY1HA18,FR,H&S,0.0
B00TY1HA18,IT,H&S,0.0
B00TY1HA18,UK,H&S,0.06222635096453479
B00TY1HA18,US,H&S,0.25984733146931777
B00TY2O8QC,DE,H&S,-0.19335623991638207
B00TY2O8QC,ES,H&S,-0.07565418780465208
B00TY2O8QC,FR,H&S,0.0
B00TY2O8QC,IT,H&S,0.0
B00TY2O8QC,UK,H&S,-0.2971161234158112
B00TY2O8QC,US,H&S,0.17594686798881565
B0144EOR7E,DE,Espring,-0.07951191739781147
B0144EOR7E,ES,Espring,-0.20664384536282226
B0144EOR7E,FR,Espring,-0.20620179821155235
B0144EOR7E,IT,Espring,-0.03361806178532256
B014TDD6OU,DE,Espring,-0.29663389678944807
B014TDD6OU,ES,Espring,0.0
B014TDD6OU,FR,Espring,-0.23368589375354723
B014TDD6OU,IT,Espring,0.11885376560913706
B014TDD6OU,UK,Espring,-0.3509752279492456
B014TDD6OU,US,Espring,-0.24017997936583285
B014TDD6P4,ES,Espring,-0.05976143046671968
B014TDD6P4,FR,Espring,-0.016700412134153568
B014TDD94W,DE,Espring,0.0
B014TDD94W,ES,Espring,-0.22432131608160694
B014TDD94W,IT,Espring,-0.15463905646043166
B015FX4ZZ2,DE,Espring,-0.05188246370766188
B015FX4ZZ2,ES,Espring,0.05101043376054712
B015FX4ZZ2,FR,Espring,-0.2632939548912319
B015FX4ZZ2,IT,Espring,-0.05583348735843241
B015H6NFPS,DE,Espring,0.0
B015H6NFPS,ES,Espring,0.0
B015H6NFPS,FR,Espring,0.0
B015H6NFPS,IT,Espring,0.0
B01648O8CM,DE,H&S,0.3230929543445862
B01648O8CM,ES,H&S,-0.04315050679129482
B01648O8CM,FR,H&S,-0.6810192836209512
B01648O8CM,IT,H&S,1.3877787807814457e-17
B01648O8CM,PL,H&S,0.1685791140931927
B01648O8CM,UK,H&S,-0.2963501514200688
B01648O8CM,US,H&S,-0.6631730647433095
B016AHAPJC,DE,H&S,-0.5549295122124355
B016AHAPJC,ES,H&S,-0.27019494888490425
B016AHAPJC,FR,H&S,0.0
B016AHAPJC,IT,H&S,-0.5696678623104885
B016AHAPJC,UK,H&S,-0.21837696244605045
B016AHAPJC,US,H&S,0.08801677163441121
B016CQV2E8,DE,H&S,-0.11948198592345292
B016CQV2E8,ES,H&S,-0.05661212869568846
B016CQV2E8,FR,H&S,0.07495836802343658
B016CQV2E8,IT,H&S,0.005417321581430504
B016CQV2E8,UK,H&S,-0.06646872046474434
B016CQV2E8,US,H&S,-0.6245325341870047
B016JQDRNU,DE,H&S,-0.14435820043220046
B016JQDRNU,ES,H&S,-0.20325467491128485
B016JQDRNU,FR,H&S,0.0
B016JQDRNU,IT,H&S,-0.2498911915971986
B016JQDRNU,UK,H&S,0.16007494766810054
B016JQDRNU,US,H&S,-0.2799207055929019
B016KSQ5F4,DE,H&S,0.19967836007551912
B016KSQ5F4,ES,H&S,0.0
B016KSQ5F4,FR,H&S,0.0
B016KSQ5F4,IT,H&S,0.0
B016KSQ5F4,UK,H&S,0.1081089952012083
B016KSQ5F4,US,H&S,0.03869986412366643
B016LHY28G,DE,H&S,-0.07804632348110187
B016LHY28G,ES,H&S,0.0
B016LHY28G,FR,H&S,-0.2044223545147182
B016LHY28G,IT,H&S,0.0
B016LHY28G,PL,H&S,0.44166763147220284
B016LHY28G,UK,H&S,-0.025634485382882266
B017DIQL0O,DE,Espring,-0.15934199355581782
B017DIQL0O,ES,Espring,0.0
B017DIQL0O,FR,Espring,0.0
B017DIQL0O,IT,Espring,0.0
B017DIQL0O,UK,Espring,-0.1497970847722339
B017GLNHEG,DE,H&S,0.3577293387955059
B017GLNHEG,ES,H&S,0.5491887505793828
B017GLNHEG,FR,H&S,0.20562001908683608
B017GLNHEG,IT,H&S,-0.07993113045067135
B017GLNHEG,UK,H&S,-0.19170364185183078
B017GLNHEG,US,H&S,-0.19480996035432874
B017GLWKXK,DE,H&S,-0.06031793794762581
B017GLWKXK,ES,H&S,-0.05431882460322896
B017GLWKXK,FR,H&S,-0.2114915724687614
B017GLWKXK,IT,H&S,-0.2149598166232851
B017GLWKXK,UK,H&S,0.18935330462132707
B017GLWKXK,US,H&S,-0.011254053879832214
B017L0A6K0,DE,Espring,-0.35620542454311777
B017L0A6K0,ES,Espring,-0.3388407284321616
B017L0A6K0,FR,Espring,-0.21891066866029663
B017L0A6K0,IT,Espring,-0.05157694618682085
B018ASUHVU,DE,Espring,0.0
B018ASUHVU,ES,Espring,-0.1890599584068137
B018ASUHVU,FR,Espring,-0.13004430449799445
B018ASUHVU,IT,Espring,-0.070152753936022
B018I2DWPQ,DE,Espring,0.0
B018I2DWPQ,ES,Espring,-0.10107973914385376
B018I2DWPQ,FR,Espring,-0.06892593496866485
B018I2DWPQ,IT,Espring,0.3210170525874726
B018I2NCBA,ES,Espring,-0.11401541448290149
B018I2NCBA,FR,Espring,-0.20735847172574234
B018OMJGCS,DE,H&S,-0.13549525660347048
B018OMJGCS,ES,H&S,0.0
B018OMJGCS,UK,H&S,-0.038443712204677793
B018OMJGCS,US,H&S,0.33432822024123926
B018ZBRFOY,DE,Espring,0.060485837890913385
B0193JCAKG,DE,Espring,-0.3795056037328332
B0193JCAKG,FR,Espring,0.05136553323547281
B0193JCAKG,IT,Espring,0.10466294312884014
B0193JCAKG,US,Espring,0.0032134857267603414
B01991A32K,DE,Espring,-0.1706770173970153
B01991A32K,ES,Espring,0.020236150705549363
B01991A32K,FR,Espring,0.0
B019DWX2Y6,DE,Espring,0.0
B019DWX2Y6,ES,Espring,0.05729033459661996
B019DWX2Y6,FR,Espring,-0.020262210756744517
B019DWX2Y6,IT,Espring,0.0064531685519955105
B019IYUZ1W,ES,Espring,-0.14348766908628047
B019IYUZ1W,FR,Espring,-0.5164962147901301
B019XSNG96,DE,Espring,-0.27841974630702265
B019XSNG96,ES,Espring,-0.1332572812314603
B019XSNG96,FR,Espring,0.0
B019XSNG96,IT,Espring,-0.06446028203688703
B019XSNG96,US,Espring,0.11843450470602154
B019XTF03U,DE,Espring,0.16272812284193724
B019XTF03U,ES,Espring,-0.13858210519690572
B019XTF03U,FR,Espring,0.05090145084444363
B019XTF03U,IT,Espring,-0.00523805434936115
B019XU7QLS,DE,Espring,-0.1656639865861404
B019Y5U1G4,DE,Espring,0.09598986451496186
B019Y5U1G4,ES,Espring,0.0
B019Y5U1G4,FR,Espring,0.0
B01AAJOVH8,IT,Espring,-0.5789132153924867
B01AM85KWW,ES,Espring,0.0
B01AM85KWW,FR,Espring,-0.3143730417143384
B01BH6XFG6,DE,Espring,-0.32979349126672014
B01BH6XFG6,ES,Espring,0.09027118740908288
B01BH6XFG6,FR,Espring,0.004837497434660665
B01BH6XFG6,IT,Espring,0.18281810603178267
B01BH6XFG6,UK,Espring,-0.15886013740121108
B01CGDQMDM,DE,Espring,0.1918125136739117
B01CGDQMDM,ES,Espring,-0.2574735883704004
B01CGDQMDM,FR,Espring,-0.3696556235413298
B01CGDQMDM,IT,Espring,-0.3012137163830779
B01CGDQMDM,UK,Espring,-0.45528876359331727
B01CGDQMDM,US,Espring,0.07614849485176586
B01DSCC1Y4,DE,Tritart,0.06974681253309692
B01DSCC1Y4,ES,Tritart,0.0
B01DSCC1Y4,PL,Tritart,0.3779644730092272
B01F7TT4I2,DE,Espring,0.05294787641549421
B01FWEBV6K,IT,Espring,0.0
B01G488QPC,DE,Espring,-0.23352694851318762
B01G488QPC,ES,Espring,-0.17256065006878213
B01G488QPC,FR,Espring,-0.1605300246300656
B01G488QPC,IT,Espring,-0.03347642147206471
B01G6UPTUI,DE,Espring,0.06297403039521263
B01G6UPTUI,ES,Espring,-0.03995195788227593
B01G6UPTUI,FR,Espring,-0.005370846653617702
B01G6UPTUI,IT,Espring,0.16415888221939334
B01G6UPTUI,US,Espring,-0.18680440967259174
B01G9KXXGM,UK,H&S,-0.16107189423187077
B01GK3YTG6,DE,Espring,-0.08608792603078497
B01GK3YTG6,ES,Espring,-0.36096315180508887
B01GK3YTG6,FR,Espring,-0.029221878695260987
B01GK3YTG6,IT,Espring,0.0
B01H2A42C2,DE,Espring,0.08449221651306407
B01H723G6S,DE,Espring,-0.17715226089380362
B01HBA2IM4,DE,Espring,-0.05942737090556903
B01HBA2IM4,ES,Espring,8.239936510889834e-18
B01HBA2IM4,FR,Espring,-0.332339067929137
B01HBA2IM4,IT,Espring,-0.06160673967699688
B01HBA2IM4,US,Espring,-0.123267095586911
B01HFIONTS,DE,Espring,-0.021833561243566064
B01HFIONTS,ES,Espring,0.6454972243679029
B01HFIONTS,FR,Espring,0.3475240234284579
B01HFIONTS,IT,Espring,-0.04770350090099677
B01HFIOUJG,DE,Espring,0.04423135581141485
B01HFIOUJG,ES,Espring,0.03966727167063127
B01HFIOUJG,FR,Espring,0.17503501050350118
B01HFIOUJG,US,Espring,0.17701018299677473
B01HFJEZ68,DE,Espring,0.0
B01HFJEZ68,ES,Espring,-0.16648776394757214
B01HMJ2LQW,DE,Espring,-0.26338467591899206
B01HMJ2LQW,ES,Espring,0.08160469092853165
B01HMJ2LQW,FR,Espring,-0.017510315277629876
B01HMJ2LQW,IT,Espring,-0.11199107119082882
B01HMJ2OF0,IT,Espring,-0.029606551597320993
B01HOA4J5K,DE,Espring,-0.3012375049102393
B01HOA4J5K,ES,Espring,0.0
B01HOA4J5K,FR,Espring,0.0
B01HOA4J5K,IT,Espring,-0.5242750325473381
B01HOA4J5K,UK,Espring,-0.5144798739088258
B01HOA4J5K,US,Espring,-0.4088844591573032
B01HS5ASGK,UK,H&S,-0.10651520466209431
B01HXOSRYG,DE,Espring,-0.578687440724904
B01HXOSRYG,ES,Espring,-0.4184952301294607
B01HXOSRYG,FR,Espring,-0.37055679699915106
B01HXOSRYG,IT,Espring,0.16789974999463447
B01HXOSRYG,UK,Espring,-0.13985511622597563
B01HXOSRYG,US,Espring,-0.00396693062727696
B01HXVPJ68,IT,Espring,0.0
B01HXX8RVA,DE,Espring,0.0
B01HXX8RVA,ES,Espring,0.0
B01HXX8RVA,FR,Espring,0.0
B01HXX8RVA,IT,Espring,0.0
B01HXX8RVA,UK,Espring,-0.2705220642774328
B01HXX8RVA,US,Espring,-0.08172394419392916
B01HZDQ5Q2,DE,Espring,-0.3124793104265836
B01HZDQ5Q2,US,Espring,0.00023264807952650594
B01I1HQNFE,DE,Espring,0.35921060405354976
B01I9P24BK,DE,Espring,0.0
B01I9P24BK,ES,Espring,-0.08994674518013339
B01I9P24BK,FR,Espring,-0.2929180091756639
B01I9P24BK,IT,Espring,-0.008995044453057332
B01ICXZED4,DE,Espring,0.3783002947515067
B01ICXZED4,ES,Espring,-0.09350656865444568
B01ICXZED4,IT,Espring,0.0
B01IF16N8I,IT,Espring,-0.061003481655200247
B01IHT0V18,DE,Espring,-0.1337214616792281
B01IHT0V18,IT,Espring,0.1348399724926484
B01IRAN2R2,DE,Espring,0.027583574148071815
B01IRAN2R2,ES,Espring,0.10832992044020394
B01IRAN2R2,FR,Espring,-0.00938929329121033
B01IRAN2R2,IT,Espring,-0.16659858178404846
B01IRAN2R2,US,Espring,0.04429575761644679
B01J3WOZ4M,DE,Espring,-0.1794046033991263
B01J3WOZ4M,ES,Espring,0.0
B01J3WOZ4M,FR,Espring,0.0
B01J3WOZ4M,IT,Espring,0.0
B01J7YPHCU,DE,Espring,-0.4807044768601482
B01J7YPHCU,IT,Espring,-0.4131296153397762
B01JA6LPJE,DE,Espring,-0.6119285350548505
B01JA6LPJE,ES,Espring,-0.6536397258386505
B01JA6LPJE,FR,Espring,0.0694310245372842
B01JA6LPJE,IT,Espring,-0.13802154075065057
B01JA6LPJE,UK,Espring,0.0
B01JA6LPJE,US,Espring,-0.26163431910726237
B01JA9T2N2,DE,Espring,-0.07052020028765016
B01JA9T2N2,ES,Espring,-0.3032839133146889
B01JA9T2N2,FR,Espring,-0.5490028318951201
B01JA9T2N2,IT,Espring,0.0
B01JA9T2N2,UK,Espring,-0.20173488547755938
B01JA9T2N2,US,Espring,-0.2988635478272401
B01JAAUA0U,DE,Espring,-0.3439545004758299
B01JAAUA0U,ES,Espring,0.0
B01JAAUA0U,FR,Espring,-0.39224896664521264
B01JAAUA0U,IT,Espring,0.045480584625942774
B01JAAUA0U,US,Espring,0.046831520724003046
B01JIVXOUO,DE,Espring,0.041892944152111616
B01JIVXOUO,US,Espring,-0.22177543071738737
B01JP1QDKU,DE,Espring,-0.36947428931120857
B01JP1QDKU,ES,Espring,-0.2403342517047808
B01JP1QDKU,FR,Espring,-0.3747993240026806
B01JP1QDKU,IT,Espring,-0.11626268508882052
B01JP1QDKU,US,Espring,-0.509173466033614
B01JXX9960,DE,H&S,0.0
B01JXX9960,ES,H&S,0.0
B01JXX9960,FR,H&S,0.0
B01JXX9960,IT,H&S,0.0
B01JXX9960,UK,H&S,-0.031590657708430434
B01JXX9960,US,H&S,-0.5465185564626405
B01K0YPWEY,DE,H&S,0.0
B01K0YPWEY,ES,H&S,0.0
B01K0YPWEY,FR,H&S,0.0
B01K0YPWEY,IT,H&S,0.0
B01K0YPWEY,UK,H&S,-0.1077766109395736
B01K0YPWEY,US,H&S,-0.19302767852336467
B01K1135UO,DE,H&S,0.0
B01K1135UO,ES,H&S,0.08551840595797698
B01K1135UO,FR,H&S,0.0
B01K1135UO,IT,H&S,-0.013555243425731056
B01K1135UO,UK,H&S,0.001259783068838729
B01K1135UO,US,H&S,0.06713857470713791
B01K1ZD6HC,ES,Espring,0.026098336310718707
B01K1ZD6HC,FR,Espring,-0.15467205622243652
B01K1ZD6HC,IT,Espring,-0.5590971376635154
B01K4R2FWY,DE,Espring,0.11992491624275448
B01K4R2FWY,IT,Espring,0.002582448040161226
B01KHR1P68,ES,Espring,0.0
B01KHR1P68,FR,Espring,-0.10228217799279243
B01KHR1P68,IT,Espring,0.10899159659885771
B01KKAWI72,IT,Espring,-0.04479976315197748
B01LAUQ91M,DE,Espring,-0.5333616311457507
B01LAUQ91M,ES,Espring,0.4164192852037313
B01LAUQ91M,FR,Espring,-0.29601107576806207
B01LAUQ91M,IT,Espring,-0.2425139444159762
B01LAUQ91M,US,Espring,0.13493422890599535
B01LIQ82OA,DE,Tritart,-0.520499337501737
B01LIQ82OA,ES,Tritart,-0.09280675381296437
B01LIQ82OA,FR,Tritart,-0.3156653120807143
B01LIQ82OA,IT,Tritart,-0.17099103593306456
B01LIQ82OA,PL,Tritart,0.0
B01LMKPSGM,DE,H&S,0.0
B01LMKPSGM,ES,H&S,0.0
B01LMKPSGM,FR,H&S,0.0
B01LMKPSGM,IT,H&S,0.0
B01LMKPSGM,UK,H&S,0.4400297799416769
B01LMKPSGM,US,H&S,-0.21374667074402937
B01LNDMWQC,ES,Espring,-0.17652553399335516
B01LNDMWQC,FR,Espring,-0.21011322666037469
B01LNDMWQC,IT,Espring,0.07222543837043609
B01LPSMHS8,DE,Espring,0.3370682771697425
B01LPSMHS8,ES,Espring,0.0
B01LPSMHS8,FR,Espring,0.09869275424396534
B01LPSMHS8,IT,Espring,0.0
B01LQ4CZ3S,DE,Espring,-0.2874246316735334
B01LQ4CZ3S,ES,Espring,-0.04636432818619987
B01LQ4CZ3S,FR,Espring,-0.18948516651969297
B01LQ4CZ3S,IT,Espring,-0.27826051676238767
B01LW0UMHZ,UK,H&S,-0.15403094933531125
B01LW463CQ,ES,Espring,-0.1120778807893776
B01LW463CQ,FR,Espring,0.028022090113946546
B01LW463CQ,IT,Espring,-0.05374198687257942
B01LWJRCVJ,DE,Espring,-0.3610181287037357
B01LWJRCVJ,ES,Espring,-0.0407346267235261
B01LWJRCVJ,FR,Espring,0.15759931086473355
B01LWJRCVJ,IT,Espring,0.09649380965167578
B01LWJRCVJ,PL,Espring,0.22093741698091646
B01LWJRCVJ,UK,Espring,0.02976836951400307
B01LWJRCVJ,US,Espring,-0.19281478110603334
B01LXCW0VK,DE,Espring,0.6833854468980276
B01LXCW0VK,ES,Espring,0.0
B01LXDUAVI,ES,Espring,0.0
B01LXDUAVI,FR,Espring,-0.24268133584853774
B01LXDUAVI,IT,Espring,0.0
B01M15S063,DE,Espring,0.0
B01M15S063,ES,Espring,0.0
B01M15S063,FR,Espring,-0.8740100345056225
B01M15S063,IT,Espring,0.2158430568773989
B01M2Y5TFQ,DE,H&S,-0.061972968729729086
B01M2Y5TFQ,ES,H&S,0.15462181350317653
B01M2Y5TFQ,FR,H&S,-0.36309218870694526
B01M2Y5TFQ,IT,H&S,-0.2839926062929081
B01M2Y5TFQ,UK,H&S,0.28210098963937624
B01M2Y5TFQ,US,H&S,-0.06570002249915469
B01M2Z0O2H,UK,H&S,-0.01110996034113636
B01M717W8W,ES,Espring,0.0
B01M717W8W,FR,Espring,-0.41989110486518233
B01M7RJXEE,DE,H&S,-0.3243229549464583
B01M7RJXEE,ES,H&S,0.0
B01M7RJXEE,FR,H&S,0.0
B01M7RJXEE,IT,H&S,0.0
B01M7RJXEE,UK,H&S,-0.1839044180357297
B01M7RJXEE,US,H&S,-0.023080406922837145
B01M8GI87J,ES,Espring,-0.05320730480023882
B01M8GI87J,FR,Espring,-0.2909599788984114
B01M8GI87J,IT,Espring,0.8280786712108255
B01M8K6DZ2,DE,H&S,0.0
B01M8K6DZ2,ES,H&S,0.0
B01M8K6DZ2,FR,H&S,0.0
B01M8K6DZ2,IT,H&S,0.0
B01M8K6DZ2,UK,H&S,-0.18366460888792707
B01M8K6DZ2,US,H&S,-0.3612016819519608
B01MA1M403,ES,Espring,0.0
B01MA1M403,FR,Espring,0.4301023718936716
B01MCT751U,DE,H&S,0.050840736394036454
B01MCT751U,ES,H&S,0.06179408171896132
B01MCT751U,FR,H&S,0.0
B01MCT751U,IT,H&S,0.0
B01MCT751U,PL,H&S,-0.16491270668884103
B01MCT751U,UK,H&S,0.06093420436808124
B01MCT751U,US,H&S,0.0868647234858922
B01MCWLB30,ES,Espring,0.0
B01MFI35BI,DE,Espring,0.30519458717534087
B01MQIXA4C,IT,Espring,0.0
B01MQWUQZH,DE,Espring,0.14536878494127145
B01MQWUQZH,FR,Espring,0.23451284448918558
B01MQWUQZH,IT,Espring,0.0
B01MRE01HV,DE,Espring,-0.25356425985924996
B01MRITT0F,US,H&S,-0.24846151263486707
B01MRVUOAB,DE,H&S,-0.12019223713780985
B01MRVUOAB,ES,H&S,-0.12612032588674182
B01MRVUOAB,FR,H&S,0.1541765312771228
B01MRVUOAB,IT,H&S,0.3380114143740408
B01MRVUOAB,UK,H&S,0.11627982162286993
B01MRVUOAB,US,H&S,-0.2920109449159031
B01MSMAO37,DE,Espring,-0.35281176716890067
B01MSMAO37,ES,Espring,-0.2654375240103241
B01MSMAO37,FR,Espring,-0.026719645305911695
B01MSMAO37,IT,Espring,-0.040691258134804884
B01MSQQLCE,ES,Espring,0.0
B01MSQQLCE,FR,Espring,-0.2739558428590419
B01MSWBUX5,DE,H&S,0.04583492485141057
B01MSWBUX5,ES,H&S,0.3500513009893557
B01MSWBUX5,FR,H&S,0.0
B01MSWBUX5,IT,H&S,-0.12728916546811675
B01MSWBUX5,UK,H&S,-0.2939440882892546
B01MSWBUX5,US,H&S,-0.5769328629784983
B01MSWD3MC,DE,H&S,0.0
B01MSWD3MC,FR,H&S,0.0
B01MSWD3MC,IT,H&S,0.0
B01MSWD3MC,UK,H&S,0.4782878185927772
B01MSWD3MC,US,H&S,-0.4651798406261445
B01MUSUMUS,DE,Espring,-0.7121366764790663
B01MUSUMUS,ES,Espring,-0.3775999963963074
B01MUSUMUS,FR,Espring,-0.09293147609096628
B01MUSUMUS,IT,Espring,0.023202208171718364
B01MXVFWJM,DE,H&S,-0.046279255008480596
B01MXVFWJM,ES,H&S,0.0
B01MXVFWJM,FR,H&S,0.0
B01MXVFWJM,IT,H&S,0.0
B01MXVFWJM,UK,H&S,-0.05292589543550485
B01MXVFWJM,US,H&S,0.13676537190262025
B01MY6R11P,DE,H&S,-0.15041420939904662
B01MY6R11P,ES,H&S,-0.763989892312428
B01MY6R11P,FR,H&S,-0.469173544382098
B01MY6R11P,IT,H&S,0.008621010001864507
B01MY6R11P,UK,H&S,-0.33458460414414676
B01MY6R11P,US,H&S,-0.02743711585988444
B01N0M6HK5,IT,Espring,0.0
B01N1F59Q4,DE,Espring,-0.26880794984792294
B01N1F59Q4,IT,Espring,0.022308780084142124
B01N3SL15M,DE,Espring,0.12996881122750925
B01N3SL15M,IT,Espring,0.042149343102152216
B01N3UZDFH,DE,H&S,-0.14530451493968002
B01N3UZDFH,US,H&S,-0.08721746274004845
B01N5EAVIA,DE,Tritart,-0.05034282544270706
B01N5EAVIA,ES,Tritart,0.0
B01N5EAVIA,FR,Tritart,-0.11250987632168755
B01N5EAVIA,IT,Tritart,0.0
B01N6RJ6VB,UK,H&S,0.27717528199647035
B01N6RJ6VB,US,H&S,-0.04302070953693534
B01N7RK458,IT,Espring,0.0
B01N8XWTUI,DE,H&S,-0.5191960192159482
B01N8XWTUI,ES,H&S,0.0
B01N8XWTUI,FR,H&S,0.1789212260243284
B01N8XWTUI,IT,H&S,0.0
B01N8XWTUI,UK,H&S,-0.53264216667196
B01N8XWTUI,US,H&S,-0.5828616816375388
B01N9806LZ,DE,Espring,-0.4370750420902723
B01NAHVSFS,DE,H&S,0.0
B01NAHVSFS,IT,H&S,0.0
B01NAHVSFS,UK,H&S,-0.004376946194128485
B01NAHVSFS,US,H&S,-0.19051558513379013
B01NATTRD3,DE,H&S,-0.38279398345168975
B01NATTRD3,ES,H&S,0.37822397490935483
B01NATTRD3,FR,H&S,0.0
B01NATTRD3,IT,H&S,-0.30860669992418377
B01NATTRD3,PL,H&S,0.05671132381185386
B01NATTRD3,UK,H&S,-0.508277554873105
B01NATTRD3,US,H&S,-0.004658765548775021
B01NBTJL36,DE,H&S,0.0921505344811757
B01NBTJL36,ES,H&S,-0.046149149556309554
B01NBTJL36,FR,H&S,-0.18297159721736214
B01NBTJL36,IT,H&S,0.10919021808652282
B01NBTJL36,UK,H&S,-0.17846117942261122
B01NBTJL36,US,H&S,0.3097579710923066
B01NCB0U5K,DE,Espring,-0.3960476770522788
B06W2GK4N9,UK,H&S,-0.3029308235161232
B06W2GK4N9,US,H&S,0.02716944125880434
B06WD53P6D,DE,H&S,0.0
B06WD53P6D,ES,H&S,0.0
B06WD53P6D,FR,H&S,0.0
B06WD53P6D,IT,H&S,0.0
B06WD53P6D,UK,H&S,0.11470183416054405
B06WD53P6D,US,H&S,-0.3039408316695109
B06X6G3FP1,DE,Espring,-0.19657659300586242
B06X6G3FP1,FR,Espring,-0.20133177560267987
B06X6G3FP1,IT,Espring,-0.357628601681115
B06XRLHD1L,DE,Espring,0.0
B06XRQ33CC,DE,H&S,-0.21363645249324667
B06XRQ33CC,FR,H&S,-0.1785714285714286
B06XRQ33CC,IT,H&S,0.0
B06XRQ33CC,UK,H&S,-0.22044088186959798
B06XRQ33CC,US,H&S,-0.4075315559823312
B06XS97SKH,DE,H&S,0.48861471249005123
B06XS97SKH,ES,H&S,0.3828920668303654
B06XS97SKH,FR,H&S,0.08071343122712618
B06XS97SKH,IT,H&S,-0.38516444325982163
B06XS97SKH,UK,H&S,-0.22810897125070895
B06XS97SKH,US,H&S,0.08215174476802051
B06XVJL3NP,DE,H&S,-0.3268602252303068
B06XVJL3NP,FR,H&S,-0.7637626158259733
B06XVJL3NP,IT,H&S,-1.0
B06XVJL3NP,UK,H&S,-0.1357134153043646
B06XVJL3NP,US,H&S,-0.42749248410545315
B06XXCX7TD,DE,Espring,0.12290835983849893
B06XXCX7TD,ES,Espring,-0.1273583748985627
B06XXCX7TD,FR,Espring,-0.25097820766183104
B06XXCX7TD,IT,Espring,0.10952053083455131
B06XY55WTJ,UK,H&S,-0.22460385574586655
B06XY55WTJ,US,H&S,-0.34022930772043347
B06Y2MZH39,DE,H&S,-0.34303656171895747
B06Y2MZH39,ES,H&S,0.18778803622274035
B06Y2MZH39,FR,H&S,-0.7288689868556623
B06Y2MZH39,IT,H&S,0.0
B06Y2MZH39,UK,H&S,-0.5566942217999893
B06Y2MZH39,US,H&S,-0.04456549816381612
B06Y4JMTWV,DE,H&S,0.15612406650803157
B06Y4JMTWV,FR,H&S,-0.12590404405782726
B06Y4JMTWV,IT,H&S,0.0
B06Y4JMTWV,UK,H&S,-0.22455490603445474
B06Y4ND43F,DE,H&S,0.0
B06Y4ND43F,FR,H&S,0.0
B06Y4ND43F,UK,H&S,-0.4663165965045264
B06Y4ND43F,US,H&S,-0.2993282200348334
B06Y4ND4LX,DE,H&S,-0.4000676173490769
B06Y4ND4LX,ES,H&S,0.0
B06Y4ND4LX,FR,H&S,0.0
B06Y4ND4LX,IT,H&S,0.0
B06Y4ND4LX,UK,H&S,0.34942306379938365
B06Y4ND4LX,US,H&S,0.13568563358479513
B06Y4S6ZCP,DE,H&S,0.07624294805633729
B06Y4S6ZCP,ES,H&S,-0.11044170631664112
B06Y4S6ZCP,FR,H&S,0.05268855884682602
B06Y4S6ZCP,IT,H&S,-0.7564102564102564
B06Y4S6ZCP,UK,H&S,0.04902896491016977
B06Y4S6ZCP,US,H&S,0.41222636374374616
B06Y4XSC22,UK,H&S,-0.21827464576915595
B06Y51KHKW,DE,H&S,-0.13716298737565924
B06Y51KHKW,FR,H&S,0.0
B06Y51KHKW,IT,H&S,-1.0
B06Y51KHKW,UK,H&S,-0.011547219223165556
B06Y51KHKW,US,H&S,0.07115948230699942
B06Y6F2W4Z,DE,H&S,0.11602387022306428
B06Y6F2W4Z,ES,H&S,0.027327145375328817
B06Y6F2W4Z,FR,H&S,0.0
B06Y6F2W4Z,UK,H&S,0.14661424135251697
B0711HDC9L,DE,Espring,0.1473943937745352
B0711HDC9L,ES,Espring,0.02715473652020776
B0711HDC9L,FR,Espring,0.043492623754596574
B0711HDC9L,IT,Espring,0.07953554510393393
B071KX221S,DE,H&S,0.029820943744569832
B071KX221S,ES,H&S,0.0
B071KX221S,FR,H&S,0.0
B071KX221S,IT,H&S,0.0
B071KX221S,UK,H&S,-0.5627027110386195
B071KX221S,US,H&S,-0.018000137051872034
B071LHTNJP,DE,Espring,-0.057352348129950034
B071LHTNJP,ES,Espring,0.2427005063366235
B071LHTNJP,FR,Espring,0.0056679673869563475
B071LHTNJP,IT,Espring,0.01677991138817589
B071LHTNJP,UK,Espring,-0.12340844203167861
B071LHTNJP,US,Espring,0.0705530188840743
B071LJBPNT,DE,H&S,0.0
B071LJBPNT,ES,H&S,0.0
B071LJBPNT,FR,H&S,0.07026586856339234
B071LJBPNT,IT,H&S,0.0
B071LJBPNT,UK,H&S,-0.07427971219876657
B071LJBPNT,US,H&S,-0.4047841538591698
B071W1B6L3,DE,Espring,-0.14660721820888004
B071W1B6L3,ES,Espring,0.05380001385625025
B071W1B6L3,FR,Espring,0.08425545821549105
B071W1B6L3,IT,Espring,-0.033762510554859376
B071W1B6L3,US,Espring,0.02865677055535295
B071WJFD25,DE,H&S,0.29995472759343395
B071WJFD25,ES,H&S,-0.6666666666666667
B071WJFD25,IT,H&S,0.0
B071WJFD25,UK,H&S,-0.4831356303121062
B071WJFD25,US,H&S,-0.22359152098173452
B071XNQZJ7,DE,H&S,-0.3174304954670855
B071XNQZJ7,ES,H&S,-0.1427383563350782
B071XNQZJ7,FR,H&S,-0.30838371188390984
B071XNQZJ7,IT,H&S,-0.17922421006962955
B071XNQZJ7,UK,H&S,-0.5268618483856041
B071XNQZJ7,US,H&S,-0.6330057763361413
B071YVMZV4,DE,Espring,-0.3060622568539579
B071YVMZV4,ES,Espring,-0.30597535371917833
B071YVMZV4,FR,Espring,0.0
B0721JH8PH,DE,H&S,-0.09437034356999206
B0721JH8PH,ES,H&S,-1.0
B0721JH8PH,FR,H&S,-0.04606534397048788
B0721JH8PH,IT,H&S,0.17836903084150346
B0721JH8PH,UK,H&S,-0.14052328521157603
B0721JH8PH,US,H&S,0.3409849621895993
B0727Q3H5D,DE,Espring,-0.23965310856702307
B0727Q3H5D,ES,Espring,0.03503491284725923
B0727Q3H5D,FR,Espring,-0.24147847327370012
B0727Q3H5D,IT,Espring,-0.14424566364907088
B072BBQ3M5,DE,H&S,0.024942087766487857
B072BBQ3M5,ES,H&S,0.0
B072BBQ3M5,FR,H&S,0.09576591490092244
B072BBQ3M5,IT,H&S,0.0
B072BBQ3M5,PL,H&S,-0.16283342254243083
B072BBQ3M5,UK,H&S,-0.12905508506383392
B072BBQ3M5,US,H&S,-0.14838023700816827
B072HKHJJS,DE,Tritart,-0.015555932832809368
B072HKHJJS,ES,Tritart,0.05576029983509043
B072HKHJJS,FR,Tritart,-0.13689908072575938
B072HKHJJS,IT,Tritart,0.0
B072HKHJJS,US,Tritart,-0.20534259218794126
B072JVLVPM,DE,H&S,-0.3098437264109735
B072JVLVPM,ES,H&S,0.645497224367903
B072JVLVPM,IT,H&S,0.0
B072JVLVPM,UK,H&S,-0.07531764098461692
B072JVLVPM,US,H&S,-0.030503201774143028
B072LXQPCH,DE,H&S,0.19453718066344394
B072LXQPCH,ES,H&S,-0.21339479988815993
B072LXQPCH,FR,H&S,0.1214229993273388
B072LXQPCH,IT,H&S,-0.29617443887954625
B072LXQPCH,UK,H&S,-0.35249874844752216
B072LXQPCH,US,H&S,-0.04780558076870978
B072P2MH3T,DE,Tritart,-0.3482595127788237
B072P2MH3T,ES,Tritart,0.0
B072P2MH3T,FR,Tritart,0.11090844589704793
B072P2MH3T,IT,Tritart,-0.009985153130007751
B072Q35687,DE,H&S,0.06670137985134993
B072Q35687,UK,H&S,-0.28350070803428534
B072Q35687,US,H&S,-0.42686246990206367
B0739F745J,UK,H&S,-0.26467585902767043
B0739F745J,US,H&S,0.0
B073D5CMT8,DE,Tritart,-0.472151042933623
B073D5CMT8,ES,Tritart,0.0
B073D5CMT8,FR,Tritart,0.0
B073TRQQQT,DE,H&S,0.0
B073TRQQQT,ES,H&S,0.0
B073TRQQQT,FR,H&S,0.0
B073TRQQQT,UK,H&S,-0.2166746535970512
B073TRQQQT,US,H&S,-0.435385797423302
B073WBT4V7,DE,Tritart,-0.11858068887002725
B073WBT4V7,ES,Tritart,0.0
B073WBT4V7,FR,Tritart,0.0
B073WBT4V7,IT,Tritart,0.0
B073WNN94R,DE,Tritart,-0.03580049479758212
B073WNN94R,ES,Tritart,0.2006068744261724
B073WNN94R,FR,Tritart,-0.18168654424771855
B073WNN94R,IT,Tritart,0.5860438753435185
B073WNN94R,UK,Tritart,-0.31112373243606595
B073WNN94R,US,Tritart,0.0
B073XSJMK5,DE,Tritart,-0.3647358076201828
B073XSJMK5,ES,Tritart,-0.043370198876215744
B073XSJMK5,FR,Tritart,-0.15518618989657623
B073XSJMK5,IT,Tritart,-0.008955114357207711
B073ZMSSND,DE,Tritart,0.03536387876803398
B073ZMSSND,ES,Tritart,0.16190245306281756
B073ZMSSND,FR,Tritart,-0.3683857637790923
B073ZMSSND,IT,Tritart,0.0
B073ZMSSND,PL,Tritart,-0.31622776601683794
B073ZMSSND,UK,Tritart,0.07745694672704577
B073ZN6SH9,DE,Tritart,-0.7338782476455074
B073ZN6SH9,ES,Tritart,0.0
B073ZN6SH9,FR,Tritart,0.0
B073ZN6SH9,IT,Tritart,-0.056400616103186044
B073ZN6SH9,UK,Tritart,-0.1432260466640063
B073ZN6SH9,US,Tritart,-0.035396717940993555
B073ZQFKV4,DE,H&S,0.3143633444497451
B073ZQFKV4,FR,H&S,-0.13141270672159738
B073ZQFKV4,IT,H&S,0.0
B073ZQFKV4,UK,H&S,-0.09138501363709148
B073ZQFKV4,US,H&S,-0.1019781005504275
B074LTCT6C,DE,Tritart,-0.4478570200405961
B074LTCT6C,ES,Tritart,0.0
B074LTCT6C,FR,Tritart,0.0
B074LTCT6C,IT,Tritart,0.0
B074LTCT6C,UK,Tritart,-0.1365409352505813
B074LTCT6C,US,Tritart,-0.7301569912346325
B074SXX9J9,DE,Tritart,-0.043078936101948004
B074SXX9J9,ES,Tritart,0.0
B074SXX9J9,FR,Tritart,0.0
B074SXX9J9,IT,Tritart,0.0
B074SXX9J9,PL,Tritart,-0.18739107736159355
B074VWN2SN,DE,H&S,0.1066869899338162
B074VWN2SN,ES,H&S,0.5270462766947299
B074VWN2SN,FR,H&S,0.0
B074VWN2SN,IT,H&S,0.0
B074VWN2SN,PL,H&S,-0.06739415292628848
B074VWN2SN,UK,H&S,-0.17530729133282125
B074VWN2SN,US,H&S,-0.27204220653586103
B0788Z6RBV,DE,H&S,-0.7067672980351072
B0788Z6RBV,ES,H&S,-0.12595810324238976
B0788Z6RBV,FR,H&S,-0.5496530409540339
B0788Z6RBV,IT,H&S,-0.24360840780679427
B0788Z6RBV,PL,H&S,0.0
B0788Z6RBV,UK,H&S,-0.42699349889303556
B0788Z6RBV,US,H&S,-0.3429212326544501
B078PY739S,DE,H&S,-0.3557714445560439
B078PY739S,ES,H&S,0.04166995514515857
B078PY739S,FR,H&S,-0.22950710648742478
B078PY739S,IT,H&S,-0.4068942293855796
B078PY739S,UK,H&S,-0.19345351093412372
B078PYYXBH,DE,H&S,0.8463272660560103
B078PYYXBH,ES,H&S,0.5773502691896257
B078PYYXBH,FR,H&S,0.33928571428571425
B078PYYXBH,IT,H&S,0.06052275326688025
B078PYYXBH,UK,H&S,0.11257301572075291
B078X394PF,UK,H&S,-0.4361670045216088
B078X394PF,US,H&S,-0.1691299523172121
B078X4KLL3,UK,H&S,0.041180886974386516
B078X4KLL3,US,H&S,-0.5298717376945185
B078X5N2K1,DE,H&S,-0.11080179295876376
B078X5N2K1,ES,H&S,-0.44228024813611755
B078X5N2K1,FR,H&S,-0.09040994958577961
B078X5N2K1,IT,H&S,-0.07238011917701202
B078X5N2K1,PL,H&S,0.12099574199761998
B078X5N2K1,UK,H&S,-0.40313373835153576
B078X5N2K1,US,H&S,-0.41350856712012996
B0791GDKBP,DE,H&S,0.0
B0791GDKBP,ES,H&S,-0.07356654803888453
B0791GDKBP,FR,H&S,0.0
B0791GDKBP,IT,H&S,0.0
B0791GDKBP,UK,H&S,-0.4273748085722157
B0791GDKBP,US,H&S,0.19104019007682987
B07BMZGV4Z,UK,H&S,-0.4089912222569762
B07BMZGV4Z,US,H&S,-0.17760284449670316
B07CG63DK7,DE,H&S,0.3333333333333333
B07CG63DK7,FR,H&S,0.1439415787123088
B07CG63DK7,UK,H&S,-0.12975084937929154
B07CG63DK7,US,H&S,0.15669249429462567
B07CHDHCMR,DE,H&S,0.4108669628017634
B07CHDHCMR,ES,H&S,0.0
B07CHDHCMR,FR,H&S,0.0
B07CHDHCMR,IT,H&S,0.0
B07CHDHCMR,UK,H&S,0.17378846482017646
B07CHDHCMR,US,H&S,0.0
B07CKHXWR9,DE,H&S,-0.2793828104753699
B07CKHXWR9,ES,H&S,0.043574467033059505
B07CKHXWR9,FR,H&S,-0.5742413417983868
B07CKHXWR9,IT,H&S,0.0
B07CKHXWR9,UK,H&S,-0.5347497687583723
B07CKHXWR9,US,H&S,0.1877198801599102
B07CNDR86T,DE,H&S,0.0
B07CNDR86T,UK,H&S,-0.13344984812981195
B07CNDR86T,US,H&S,0.0
B07CPD18VZ,DE,H&S,0.16189531536331062
B07CPD18VZ,ES,H&S,0.0
B07CPD18VZ,FR,H&S,0.0
B07CPD18VZ,IT,H&S,0.011772040233700293
B07CPD18VZ,UK,H&S,-0.31573417826971323
B07CZMTRJ8,DE,Tritart,0.24787821499878657
B07CZMTRJ8,ES,Tritart,0.32199319619193345
B07CZMTRJ8,FR,Tritart,0.41992812904428667
B07CZMTRJ8,IT,Tritart,0.14142135623730956
B07D25PJS4,DE,H&S,-0.3649757853900247
B07D25PJS4,ES,H&S,0.0
B07D25PJS4,FR,H&S,0.0
B07D25PJS4,IT,H&S,0.0
B07D25PJS4,UK,H&S,-0.5991536541886872
B07D26LYLH,UK,H&S,-0.4507204635459448
B07D26LYLH,US,H&S,0.4259883867755307
B07D3RXR76,DE,Tritart,-0.19615976613370995
B07D3RXR76,ES,Tritart,0.15164421034083808
B07D3RXR76,FR,Tritart,-0.04902044958751746
B07D3RXR76,IT,Tritart,-0.2088481348987759
B07D72GCWP,DE,H&S,-0.6214881465665925
B07D72GCWP,ES,H&S,0.0
B07D72GCWP,FR,H&S,-0.5091750772173156
B07D72GCWP,IT,H&S,-0.26560635762986523
B07D72GCWP,UK,H&S,-0.1198037955833269
B07D72GCWP,US,H&S,0.14809972753362027
B07DGKQ896,DE,Tritart,-0.05200308857453145
B07DGKQ896,ES,Tritart,-0.10983147859959602
B07DGKQ896,FR,Tritart,-0.2210061118231624
B07DGKQ896,IT,Tritart,0.1271295732681788
B07DJQ81QT,DE,Tritart,-0.050620801958991386
B07DJQ81QT,FR,Tritart,-0.30085592185344423
B07DJQ81QT,PL,Tritart,0.21821789023599236
B07DK6L9N7,ES,H&S,0.0
B07DK6L9N7,IT,H&S,0.0
B07DLMXHM1,UK,H&S,-0.6199749981451821
B07DPRTTQ9,DE,H&S,0.4074799858462211
B07DPRTTQ9,ES,H&S,0.0
B07DPRTTQ9,FR,H&S,1.3877787807814457e-17
B07DPRTTQ9,UK,H&S,-0.0006070332938864573
B07DPRTTQ9,US,H&S,-0.09284751814767497
B07DPTK7FG,DE,H&S,0.0
B07DPTK7FG,ES,H&S,0.0
B07DPTK7FG,FR,H&S,0.0
B07DPTK7FG,IT,H&S,0.0
B07DPTK7FG,UK,H&S,-0.24321582610780262
B07DPTK7FG,US,H&S,0.37747657761199216
B07DW2WX4N,DE,H&S,-0.10613372610104645
B07DW2WX4N,ES,H&S,0.0
B07DW2WX4N,FR,H&S,0.0
B07DW2WX4N,IT,H&S,0.0
B07DW2WX4N,UK,H&S,-0.16268798792339348
B07DW2WX4N,US,H&S,-0.3589234891747779
B07DW4QJX7,DE,H&S,0.015158476564770804
B07DW4QJX7,ES,H&S,0.0
B07DW4QJX7,IT,H&S,-0.4273030877357858
B07DW4QJX7,UK,H&S,-0.31153604446879746
B07DW4QJX7,US,H&S,-0.8073366614734306
B07DW7R9V8,DE,H&S,0.0
B07DW7R9V8,ES,H&S,0.0
B07DW7R9V8,FR,H&S,0.0
B07DW7R9V8,UK,H&S,-0.26169377014779777
B07DW7R9V8,US,H&S,-0.029427278821260363
B07DZ9L7KS,UK,H&S,-0.23563544924224022
B07DZ9L7KS,US,H&S,0.0
B07DZHXPL6,DE,H&S,-0.009597506743567259
B07DZHXPL6,ES,H&S,-0.027894992945445382
B07DZHXPL6,FR,H&S,-0.17330267121981177
B07DZHXPL6,IT,H&S,0.0
B07DZHXPL6,PL,H&S,0.18364787748725492
B07DZHXPL6,UK,H&S,0.1081278053381457
B07F1WVSWR,UK,H&S,-0.08546572860454493
B07FMDHYCK,DE,H&S,0.0
B07FMDHYCK,ES,H&S,0.0
B07FMDHYCK,IT,H&S,0.0
B07FMDHYCK,UK,H&S,-0.7171829130063455
B07FQ4RB6V,UK,H&S,-0.5374664004261012
B07FT9FHCR,DE,Espring,0.0
B07FT9R697,DE,Espring,-0.08606516180931073
B07FW3X7CQ,UK,H&S,-0.15356055581333433
B07FYK6FZ3,ES,Espring,0.17823276155980164
B07FYK6FZ3,FR,Espring,-0.16425937201184831
B07G57DPXZ,DE,H&S,-0.10761590255104181
B07G57DPXZ,ES,H&S,0.0
B07G57DPXZ,IT,H&S,0.0
B07G57DPXZ,UK,H&S,0.1754998597098557
B07G57DPXZ,US,H&S,0.09659427600634202
B07GBK5SQL,DE,H&S,-0.34868488172781575
B07GBK5SQL,ES,H&S,-0.2775235232355284
B07GBK5SQL,FR,H&S,-0.2557599963903247
B07GBK5SQL,IT,H&S,-0.175921612799316
B07GBK5SQL,UK,H&S,-0.6790791180844571
B07GBK5SQL,US,H&S,-0.1872782379491744
B07GKV4789,DE,H&S,-0.142917560344664
B07GKV4789,ES,H&S,-0.2478053792958439
B07GKV4789,FR,H&S,0.0
B07GKV4789,IT,H&S,-0.33028912953790823
B07GKV4789,PL,H&S,0.19042681866078084
B07GKV4789,UK,H&S,-0.25667982856835764
B07GKV4789,US,H&S,-0.5178190013523234
B07GN1J9RV,DE,H&S,0.0
B07GN1J9RV,IT,H&S,0.0
B07GN1J9RV,UK,H&S,0.2245284999719805
B07GN1J9RV,US,H&S,0.0
B07GN3J56J,UK,H&S,-0.16116524680237962
B07GPPQKCK,DE,Espring,0.0
B07GPPQKCK,FR,Espring,0.19245008972987526
B07GPPQKCK,IT,Espring,-0.25495980262947215
B07GTF236R,DE,H&S,0.22797501469453962
B07GTF236R,ES,H&S,0.0
B07GTF236R,FR,H&S,-0.01520747661681185
B07GTF236R,IT,H&S,0.11111111111111113
B07GTF236R,UK,H&S,-0.29779481220672177
B07GTF236R,US,H&S,-0.6017380785286771
B07GTRCT4Z,DE,H&S,0.0
B07GTRCT4Z,ES,H&S,0.0
B07GTRCT4Z,FR,H&S,0.0
B07GTRCT4Z,IT,H&S,0.0
B07GTRCT4Z,UK,H&S,-0.007424520368598192
B07GTRCT4Z,US,H&S,-0.7201447352993998
B07GZ818S1,DE,H&S,0.0
B07GZ818S1,FR,H&S,0.0
B07GZ818S1,UK,H&S,-0.758621366335983
B07GZ9GH8T,DE,H&S,0.0
B07GZ9GH8T,ES,H&S,0.0
B07GZ9GH8T,FR,H&S,0.0
B07GZ9GH8T,IT,H&S,0.0
B07GZ9GH8T,UK,H&S,-0.3602902052936096
B07GZ9GH8T,US,H&S,-0.33202523988600097
B07J5SM2HC,DE,H&S,-0.5932763664197256
B07J5SM2HC,ES,H&S,0.16666666666666666
B07J5SM2HC,FR,H&S,-0.13278944111010013
B07J5SM2HC,UK,H&S,-0.1102701036582496
B07J5SM2HC,US,H&S,0.3714253700200248
B07JHGCQPR,DE,H&S,0.041976863132432235
B07JHGCQPR,ES,H&S,0.0
B07JHGCQPR,FR,H&S,0.0
B07JHGCQPR,IT,H&S,0.0
B07JHGCQPR,UK,H&S,-0.5501340623516682
B07JHGCQPR,US,H&S,-0.29725885826493365
B07JHNHW2K,DE,H&S,-0.1107870074001321
B07JHNHW2K,ES,H&S,0.0369212016350596
B07JHNHW2K,FR,H&S,0.11669123579174022
B07JHNHW2K,IT,H&S,-0.024472669314339376
B07JHNHW2K,UK,H&S,-0.2914927121417753
B07JHNHW2K,US,H&S,-0.21148258256644473
B07JNHB73C,UK,H&S,-0.5252784078228292
B07JWL5DHB,DE,H&S,-0.07994983864193111
B07JWL5DHB,FR,H&S,0.14252338134823
B07JWL5DHB,IT,H&S,-0.17751839286388166
B07JWL5DHB,UK,H&S,-0.230832997248238
B07JZD2S4S,DE,H&S,-0.10594342680495866
B07JZD2S4S,ES,H&S,-0.17256712249065834
B07JZD2S4S,FR,H&S,0.2672215034181281
B07JZD2S4S,IT,H&S,0.0
B07JZD2S4S,UK,H&S,-0.14718697225650687
B07JZD2S4S,US,H&S,0.0
B07KV8NYBN,DE,H&S,0.0
B07KV8NYBN,ES,H&S,0.0
B07KV8NYBN,FR,H&S,0.0
B07KV8NYBN,IT,H&S,0.0
B07KV8NYBN,UK,H&S,-0.17525766112292065
B07KV8ZB91,DE,H&S,-0.006866570613832574
B07KV8ZB91,ES,H&S,0.0
B07KV8ZB91,FR,H&S,0.13619266458900114
B07KV8ZB91,IT,H&S,0.19980650952556894
B07KV8ZB91,UK,H&S,-0.1724165928588381
B07KV8ZB91,US,H&S,0.049348656043984786
B07LB1FXB4,ES,Espring,-0.24284628681048462
B07LB1FXB4,FR,Espring,-0.19261745696406563
B07M6PRNHG,DE,H&S,-0.26343971723163606
B07M6PRNHG,ES,H&S,-0.16495721976846447
B07M6PRNHG,FR,H&S,-0.2645083792087374
B07M6PRNHG,IT,H&S,-0.2724736825100942
B07M6PRNHG,UK,H&S,0.12457194692590548
B07M6PRNHG,US,H&S,0.21275024914405555
B07MVH416B,UK,H&S,0.12605854798042473
B07N8BLMZ7,DE,H&S,-0.19289646526511867
B07N8BLMZ7,ES,H&S,0.0
B07N8BLMZ7,FR,H&S,0.0
B07N8BLMZ7,IT,H&S,0.0
B07N8BLMZ7,UK,H&S,0.3310898291686375
B07N8BLMZ7,US,H&S,-0.08668765074907821
B07NTY3D93,DE,Tritart,-0.12191072126499446
B07NTY3D93,FR,Tritart,0.10482848367219183
B07NTY3D93,IT,Tritart,-0.32433722392921094
B07NVDQCKB,DE,Espring,0.0
B07NVDQCKB,US,Espring,-0.20268821244827445
B07P4362J2,DE,Tritart,-0.18533420932396455
B07P4362J2,UK,Tritart,-0.027186013100918408
B07PNX2XJF,DE,Tritart,0.3703225806451613
B07PNX2XJF,ES,Tritart,-0.07061444755506996
B07PPM6WDZ,DE,H&S,0.45619543540345736
B07PPM6WDZ,ES,H&S,-0.025830312850254757
B07PPM6WDZ,FR,H&S,0.0
B07PPM6WDZ,IT,H&S,-0.008094981115789626
B07PPM6WDZ,UK,H&S,-0.2745702824273155
B07PPM6WDZ,US,H&S,-0.155583136897669
B07PPT27PH,DE,Espring,0.06117195969294586
B07PPT27PH,IT,Espring,-0.2088524840748302
B07PQQRNBM,DE,Espring,0.0
B07PQQRS2T,DE,Espring,0.0
B07PRQTQ8H,DE,Espring,0.0
B07PRRK9B1,DE,Espring,0.0
B07PXT4CKX,DE,Espring,-0.01951354139411946
B07PXT4CKX,ES,Espring,-0.03456136701869693
B07PXT4CKX,FR,Espring,-0.22873153224297865
B07PXT4CKX,IT,Espring,-0.05424311142843016
B07PZW2DH7,DE,Tritart,0.0
B07PZW2DH7,ES,Tritart,0.2142857142857143
B07PZW2DH7,FR,Tritart,-0.02465867376364217
B07PZW2DH7,IT,Tritart,-0.08230508467450294
B07PZW2DH7,UK,Tritart,-0.10708863311649987
B07Q4C2Y7K,DE,Espring,-0.06837877721593776
B07Q4C2Y7K,ES,Espring,0.11871824742172023
B07Q4C2Y7K,FR,Espring,0.05136773657308165
B07Q4C2Y7K,IT,Espring,-0.33567254331867563
B07Q4C2Y7K,US,Espring,0.5857415718535732
B07QC7DM54,DE,Espring,-0.09378785462364246
B07QC7DM54,ES,Espring,-0.4168009195775878
B07QC7DM54,FR,Espring,0.10537007385484928
B07QD5X6M4,FR,Espring,-0.13304935379561614
B07QQVMXW5,DE,Tritart,-0.10001502151948984
B07QQVMXW5,ES,Tritart,-0.2217888261405649
B07QQVMXW5,FR,Tritart,0.012761004781097172
B07QQVMXW5,IT,Tritart,-0.07526997739634626
B07QV6S7N3,DE,H&S,0.19148310674725766
B07QV6S7N3,ES,H&S,0.0
B07QV6S7N3,FR,H&S,0.0
B07QV6S7N3,IT,H&S,0.0
B07QV6S7N3,UK,H&S,-0.12255057555003886
B07QV6S7N3,US,H&S,-0.13321293948939864
B07QVZWD4W,DE,Espring,0.0
B07QVZWD4W,ES,Espring,0.0
B07QVZWD4W,FR,Espring,0.0
B07QVZWD4W,IT,Espring,0.0
B07RD69YX8,UK,H&S,-0.13629659746598619
B07RF6S3K3,DE,H&S,0.0
B07RF6S3K3,UK,H&S,-0.5233057006994998
B07RF6S3K3,US,H&S,0.3258172733552258
B07RLJBB1N,DE,H&S,-0.318159915520205
B07RLJBB1N,ES,H&S,0.0
B07RLJBB1N,FR,H&S,-0.1324532357065044
B07RLJBB1N,IT,H&S,0.0
B07RLJBB1N,UK,H&S,0.2736707959760477
B07RLJBB1N,US,H&S,-0.2091164444936524
B07RLM8RRX,DE,Espring,-0.08337036836508804
B07RLYF81N,DE,Espring,-0.016232255318714667
B07RLYF81N,ES,Espring,0.09307688019841276
B07RLYF81N,FR,Espring,-0.0009318551844831532
B07RLYF81N,IT,Espring,0.041942710604810376
B07RLYF81N,US,Espring,0.06290732460367739
B07RQJJ9VX,UK,H&S,-0.299921637221126
B07RQJJ9VX,US,H&S,-0.21670851484418413
B07RSR4B12,DE,H&S,-0.3532751763485734
B07RSR4B12,ES,H&S,0.0
B07RSR4B12,FR,H&S,0.07490642541583833
B07RSR4B12,IT,H&S,0.0
B07RSR4B12,UK,H&S,-0.342516464898647
B07RSR4B12,US,H&S,-0.0002705569473773588
B07S5JTFYG,UK,H&S,-0.22699049721074355
B07S5KW5WQ,DE,H&S,0.0
B07S5KW5WQ,ES,H&S,0.0
B07S5KW5WQ,FR,H&S,0.0
B07S5KW5WQ,IT,H&S,0.0
B07S5KW5WQ,UK,H&S,-0.3678309436609601
B07S5KW5WQ,US,H&S,-0.17401599483063898
B07S732NKF,UK,H&S,-0.48854895479348776
B07SNF9BKP,DE,Espring,-0.30837222277911397
B07SNF9BKP,ES,Espring,-0.16228816518671585
B07SNF9BKP,FR,Espring,-0.2289399304502743
B07SNF9BKP,IT,Espring,-0.13365778467280978
B07SNF9BKP,US,Espring,-0.026158363202278104
B07SWX3J6S,DE,Tritart,0.11305059245064125
B07SWX3J6S,ES,Tritart,0.24999999999999997
B07SWX3J6S,FR,Tritart,0.15161960871578067
B07SWX3J6S,IT,Tritart,0.10731537729386
B07SWX3J6S,PL,Tritart,0.0
B07SYKTLG9,DE,Espring,-0.004561030106387234
B07SYKTLG9,ES,Espring,0.0
B07SYKTLG9,FR,Espring,0.060192926542884585
B07T234J87,DE,Espring,0.2592592592592593
B07T5CJDQ7,DE,Espring,-0.21428571428571436
B07T7N8DP7,DE,Espring,-0.29097386676657466
B07T7N8DP7,ES,Espring,0.14726247713991542
B07T7N8DP7,FR,Espring,0.3080998982782292
B07T7N8DP7,IT,Espring,0.5571144336621282
B07T7N8DP7,US,Espring,0.023421152860651474
B07T83NWZ5,DE,Espring,-0.6471339945286121
B07T83NWZ5,ES,Espring,0.0
B07T83NWZ5,FR,Espring,0.0
B07T83NWZ5,IT,Espring,0.0
B07T83NWZ5,US,Espring,-0.0842093520688992
B07T9JV9KP,DE,Espring,-0.10002470050673706
B07T9JV9KP,FR,Espring,-0.17650394813467035
B07TC4YGQ8,DE,Espring,-0.3863885955530749
B07TC4YGQ8,ES,Espring,-0.2124583230725997
B07TC4YGQ8,FR,Espring,-0.20680228444946103
B07TC4YGQ8,IT,Espring,0.022451644295213187
B07TC4YGQ8,US,Espring,-0.4315781583292131
B07TC51TS9,DE,Espring,-0.2727052959422672
B07TC51TS9,ES,Espring,-0.48795003647426655
B07TC51TS9,FR,Espring,0.2544408445379311
B07TC51TS9,IT,Espring,0.337099931231621
B07TC51TS9,US,Espring,-0.028261117101864425
B07TDLK5W3,DE,H&S,-0.24207699083499373
B07TDLK5W3,ES,H&S,-0.1002416058162868
B07TDLK5W3,FR,H&S,-0.06910758057755903
B07TDLK5W3,IT,H&S,-0.42595910905072243
B07TDLK5W3,UK,H&S,0.0039925098384999
B07TDLK5W3,US,H&S,-0.41292860330285275
B07TGFSLCB,DE,Tritart,-0.03209454834608246
B07TGFSLCB,FR,Tritart,-0.12309149097933275
B07TKCV8HT,UK,H&S,-0.14256350734735937
B07TKCV8HT,US,H&S,-0.4239781463024487
B07TLVG7ZP,DE,Espring,0.15018785229652765
B07TMN2NY5,DE,Espring,-0.04377454592353498
B07TMN2NY5,ES,Espring,0.09540420591211476
B07TMN2NY5,FR,Espring,-0.015644606917885565
B07TMN2NY5,IT,Espring,0.18500093679428128
B07TMN2NY5,US,Espring,-0.06864872287712294
B07TN75FC1,DE,H&S,0.11869118958741375
B07TN75FC1,ES,H&S,-0.33489942340055007
B07TN75FC1,FR,H&S,0.0
B07TN75FC1,IT,H&S,0.0
B07TN75FC1,PL,H&S,0.0
B07TN75FC1,UK,H&S,0.21072078236250058
B07TN75FC1,US,H&S,-0.4315302528120002
B07TP1ZMVN,DE,Espring,0.15495759970879094
B07TQS7PDP,DE,H&S,0.0
B07TQS7PDP,ES,H&S,0.0
B07TQS7PDP,FR,H&S,0.0
B07TQS7PDP,IT,H&S,0.0
B07TQS7PDP,UK,H&S,0.1916531438902
B07TQS7PDP,US,H&S,0.1510724953275645
B07TQSP4Y5,DE,Espring,-0.18033343053315862
B07TQSP4Y5,ES,Espring,0.0
B07TQSP4Y5,FR,Espring,-0.4269823190098919
B07TQSP4Y5,IT,Espring,0.22373339474669704
B07TQSP4Y5,US,Espring,0.1979466379562097
B07TRLKYG6,ES,Espring,0.5
B07TRLKYG6,FR,Espring,-0.9594153274116579
B07TTMNMLP,DE,Espring,-0.6838205420383695
B07TTMNMLP,US,Espring,-0.18253148759404741
B07TXKGRX7,DE,Espring,0.0
B07TZHYZ1N,DE,Tritart,-0.21163216422083347
B07TZHYZ1N,ES,Tritart,-0.021029013805388505
B07TZHYZ1N,FR,Tritart,0.10466712660122394
B07TZHYZ1N,IT,Tritart,-0.1685722289096398
B07V2B47V3,DE,Espring,-0.1984588107802316
B07V2B47V3,IT,Espring,-0.6325803136333973
B07V2B55JH,DE,Espring,-0.02196842692149921
B07V2NRTWB,DE,Tritart,-0.11180339887498945
B07V2NRTWB,FR,Tritart,-0.03692338437924677
B07V3FWL34,DE,Espring,-0.009870677608878217
B07V3FWL34,ES,Espring,-0.16446005579546585
B07V3FWL34,FR,Espring,0.32832128610439526
B07V3FZDD1,DE,Espring,0.19898218168831508
B07V4G5TJK,DE,Espring,0.0
B07V4G6K18,DE,Espring,0.16366341767699433
B07V4G6K18,ES,Espring,0.2848063086977838
B07V4G6K18,FR,Espring,0.13825344316433588
B07V5GJ2QR,DE,Espring,0.0
B07V6LGKXG,DE,Espring,-0.19482605043088924
B07V6LGWMZ,DE,Espring,-0.31140719715073584
B07V6LGWMZ,ES,Espring,-0.32088364671796626
B07V6LGWMZ,FR,Espring,0.0423242674385685
B07V6LGWMZ,IT,Espring,-0.19999999999999998
B07V6LNFZQ,DE,Espring,-0.264623157814666
B07V6LNFZQ,IT,Espring,0.5916079783099615
B07V6LYQKK,DE,Espring,0.01127048054541383
B07VNGCG2J,DE,H&S,-0.0892038245802187
B07VNGCG2J,ES,H&S,0.0
B07VNGCG2J,FR,H&S,0.0
B07VNGCG2J,IT,H&S,0.0
B07VNGCG2J,UK,H&S,-0.6946205677404941
B07VNGCG2J,US,H&S,-0.5032740846880325
B07VVLJ12R,DE,Tritart,-0.17176944382953843
B07VVLJ12R,FR,Tritart,0.04799445954380821
B07VWR69VX,DE,Tritart,-0.3715509935498562
B07VWR69VX,ES,Tritart,-0.14365737178760354
B07VWR69VX,FR,Tritart,-0.26389735249408475
B07VWR69VX,IT,Tritart,0.0
B07VWR69VX,PL,Tritart,0.09781301376833221
B07VXN786X,ES,Tritart,-0.4666666666666668
B07VXN786X,FR,Tritart,-0.11034536976661422
B07VXN786X,IT,Tritart,0.061746547802912374
B07VYRT4T5,DE,Tritart,-0.050917397216179196
B07VYRT4T5,FR,Tritart,-0.18419649677775224
B07VYSC1NR,DE,Tritart,0.0
B07VYSC1NR,ES,Tritart,0.11149893466761213
B07VYSC1NR,FR,Tritart,0.0
B07VYSC1NR,IT,Tritart,-0.020425184255141685
B07VYSNNPT,DE,Tritart,-0.2201839160794472
B07VYSNNPT,ES,Tritart,-0.22739701341354882
B07VYSNNPT,FR,Tritart,-0.3779644730092272
B07W51S61C,DE,H&S,-0.3327214399866185
B07W51S61C,ES,H&S,0.0
B07W51S61C,FR,H&S,0.0
B07W51S61C,IT,H&S,0.0
B07W51S61C,UK,H&S,0.049529474309816496
B07W51S61C,US,H&S,0.22063288582292076
B07WDCV13B,DE,Tritart,-0.21532666830044614
B07WDCV13B,ES,Tritart,0.080423741834322
B07WDCV13B,FR,Tritart,0.1424132523655808
B07WDCV13B,IT,Tritart,-0.11177409239418176
B07WFHKFCN,DE,Tritart,-0.4028089863782276
B07WFHKFCN,ES,Tritart,0.05593555386905026
B07WFHKFCN,FR,Tritart,0.32025630761017426
B07WFHKFCN,IT,Tritart,0.10731333812940301
B07WFHLD7G,DE,Tritart,-0.15922171574040858
B07WFHLD7G,ES,Tritart,0.0
B07WFHLD7G,FR,Tritart,0.0
B07WHHH7CY,DE,Tritart,0.02858801230733345
B07WHHH7CY,ES,Tritart,0.0
B07WHHH7CY,FR,Tritart,0.0
B07WHJ3D89,DE,Tritart,0.17270282312931237
B07WHJ3D89,FR,Tritart,-0.27359473329721057
B07WHJ3D89,IT,Tritart,0.0
B07WHKPSYX,DE,Tritart,0.0854717209904284
B07WHKPSYX,FR,Tritart,0.3495884797396369
B07WHKPSYX,IT,Tritart,-0.07940745201979993
B07WJNGG8J,DE,Tritart,-0.1496586730357836
B07WJNGG8J,ES,Tritart,0.0
B07WJNGG8J,FR,Tritart,0.14085669222925887
B07WJNGG8J,IT,Tritart,-0.23801852602606216
B07WK1M7Y8,DE,Tritart,-0.44172150784559194
B07WK1M7Y8,ES,Tritart,0.0
B07WK1M7Y8,FR,Tritart,0.0
B07WK1M7Y8,IT,Tritart,-0.2796234976026205
B07WP6Y8XZ,UK,H&S,-0.221907394558561
B07WPW5TGJ,DE,Espring,0.018873060375997716
B07WTXZ2JC,DE,H&S,0.0
B07WTXZ2JC,FR,H&S,0.0
B07WTXZ2JC,IT,H&S,0.0
B07WTXZ2JC,UK,H&S,-0.03074277869434653
B07WTXZ2JC,US,H&S,-0.35011516976697166
B07WZGLMMN,DE,Espring,0.03075649403024533
B07X2L2YSH,DE,Espring,0.017030546244348868
B07X3KHZFV,DE,Espring,0.0
B07X3KHZFV,ES,Espring,-0.10205613493294974
B07X3KHZFV,FR,Espring,-0.16737564795730836
B07XMCL1C2,DE,Tritart,-0.09445055772860955
B07XMCL1C2,ES,Tritart,0.0
B07XMCL1C2,FR,Tritart,-0.15102429177899707
B07XMCL1C2,IT,Tritart,0.11044265772409363
B07XMCM4B4,ES,Tritart,0.0
B07XMCM4B4,FR,Tritart,-0.21619735421528868
B07XMCM4B4,IT,Tritart,0.08333333333333331
B07XMCM4B4,UK,Tritart,-0.23688301879942442
B07XYX7Y43,DE,Tritart,0.07023382608410439
B07XYX7Y43,ES,Tritart,0.0
B07XYX7Y43,FR,Tritart,0.0
B07XYX7Y43,IT,Tritart,0.059481187747946224
B07XYY42F4,DE,Tritart,-0.49073290481191645
B07XYY42F4,FR,Tritart,0.0
B07YSCWK2F,DE,Tritart,-0.1725440004618358
B07YSCWK2F,ES,Tritart,0.08603627997611477
B07YSCWK2F,FR,Tritart,-0.0982471864864824
B07YSCWK2F,IT,Tritart,-0.32950178841916555
B07YZCZLW5,DE,Espring,-0.0945867827367361
B07YZCZLW5,IT,Espring,-0.19003721755393732
B07Z67GS2K,ES,Espring,-0.023094775566574896
B07Z67GS2K,FR,Espring,0.0
B07ZP7C22T,DE,Espring,0.48038446141526137
B08299Z7PM,DE,Tritart,0.11952286093343933
B08299Z7PM,FR,Tritart,0.0
B0829B5PR6,DE,Tritart,-0.13659978557128885
B0829B5PR6,FR,Tritart,0.06525182700193481
B0829B5PR6,IT,Tritart,-0.2849776844705004
B0829BCTTX,DE,Tritart,-0.18996832476299122
B0829BCTTX,ES,Tritart,0.2535765474928796
B0829BCTTX,FR,Tritart,0.006070776340928217
B0829BCTTX,IT,Tritart,0.3303103732474099
B082KJ7M34,DE,Tritart,-0.014358365047069742
B082KJ7M34,ES,Tritart,-0.13018202310382837
B082KJ7M34,FR,Tritart,0.0015264685179637548
B082KJ7M34,IT,Tritart,0.023032671985243926
B082KJ7M34,UK,Tritart,0.07239256335987604
B083DHG56N,DE,Tritart,0.1179531037441559
B083DHG56N,ES,Tritart,0.11391976893982231
B083DHG56N,FR,Tritart,0.06801183226861598
B083DHG56N,IT,Tritart,0.04504110701251776
B083DJDRT1,DE,Tritart,-0.16738710939757734
B083DJDRT1,ES,Tritart,-0.2294703106336817
B083DJDRT1,FR,Tritart,0.08231790736965819
B083DJDRT1,IT,Tritart,-0.10832031139552734
B083KBDRSW,DE,Tritart,-0.2068417890941536
B083KBDRSW,ES,Tritart,-0.04003203845127178
B083KBDRSW,FR,Tritart,0.015409794804711545
B083KBDRSW,IT,Tritart,-0.1468823150361924
B083KBDRSW,UK,Tritart,-0.6351067543736124
B083KBDRSW,US,Tritart,-0.11765582931215524
B0847SXNVQ,DE,Espring,0.07624655216018994
B0847SXNVQ,IT,Espring,0.09491579957524987
B0847TF6T1,DE,Espring,-0.11594566066229078
B0847THKYH,DE,Espring,0.11675896827658401
B0847TJHB1,DE,Espring,0.0
B0847TJHB1,IT,Espring,0.3666666666666667
B084BWY8FP,DE,Espring,-0.4452062377953621
B084BWY8FP,ES,Espring,0.0
B084BWY8FP,FR,Espring,0.0
B084BWY8FP,IT,Espring,0.0
B084BZWGHC,DE,Espring,-0.3680623630225098
B084BZWGHC,ES,Espring,0.0
B084BZWGHC,FR,Espring,-0.3279700997480057
B084BZWGHC,IT,Espring,-0.08147547133362233
B084VT3XM3,DE,Espring,-0.21965932380564682
B084WS4SRY,DE,Espring,0.049081022094392385
B0857JKTZL,DE,Espring,0.0
B0857JRBR2,DE,Espring,0.2823298512866399
B0857JRBR2,ES,Espring,-0.13766803477483977
B0857JRBR2,FR,Espring,-0.12017811202833337
B0857JRBR2,UK,Espring,-0.22551363832837393
B0857JT2ZP,DE,Espring,0.0
B0857K4H2V,DE,Espring,-0.1995328915382092
B0857K4H2V,UK,Espring,0.11084113686587667
B0857K4ZDQ,DE,Espring,-0.1628412821605407
B0857K4ZDQ,ES,Espring,0.0
B0857K4ZDQ,FR,Espring,0.0
B0857K4ZDQ,IT,Espring,-0.196684314412165
B0857K4ZDQ,UK,Espring,0.0070118896564809186
B085F3767Z,DE,Espring,0.49450549450549464
B085F3767Z,ES,Espring,0.0
B085F3767Z,FR,Espring,0.0
B085F3767Z,IT,Espring,0.0
B085F37HBC,DE,Espring,0.015019660514308102
B085F37HBC,IT,Espring,-0.020196514303352404
B085F37HBC,UK,Espring,-0.19400822132544393
B085H4Z36Y,DE,Tritart,-0.5467244133277557
B085TLR7QG,DE,Tritart,-0.4091399431100856
B085TLR7QG,ES,Tritart,-0.18908496815216722
B085TLR7QG,FR,Tritart,-0.1589983806191316
B085TLR7QG,IT,Tritart,0.0
B085TLR7QG,UK,Tritart,0.0
B085TLR7QG,US,Tritart,0.048495125662933826
B086T37ZV1,IT,Espring,0.13754993957331488
B0872W1YTK,DE,Espring,-0.055338791693037306
B0872W1YTK,ES,Espring,-0.5773502691896258
B0872W1YTK,FR,Espring,0.6119760475402918
B0872W1YTK,US,Espring,-0.1169765932454231
B0872XDGWW,DE,Espring,0.9320070332440737
B0872XDGWW,US,Espring,0.2800226240410175
B0875PQLS9,DE,Espring,-0.344831448959481
B0875PQLS9,US,Espring,-0.06643696011900822
B0876861N4,US,Espring,-0.2621612220552456
B0876V6BPH,DE,Espring,0.0
B088MF482R,DE,Espring,0.0
B088MF482R,IT,Espring,0.20464687117164004
B088MFTGV5,DE,Espring,-0.6198663367494857
B088MGYR8K,DE,Espring,0.0
B088NQYHK5,DE,Espring,0.0
B088RD39YR,DE,Espring,-0.2881228399400078
B088RDPTJH,DE,Espring,-0.3293491488234848
B088RGRS86,US,Espring,-0.05335468127875431
B088RHVC9K,DE,Espring,-0.08689506461178703
B088RHVC9K,US,Espring,-0.011659323500760961
B088RHXFJ4,DE,Espring,-0.10622051611417667
B088RHXFJ4,US,Espring,-0.06510037779057082
B08B3V248T,DE,Espring,-0.45653541157077143
B08B3V248T,US,Espring,-0.3495362881447978
B08B8GDLSH,DE,Espring,0.0
B08B8GDLSH,US,Espring,-0.3792187124066816
B08BLS8RZ7,US,Espring,-0.09145076507632055
B08CGYF2L5,DE,Espring,-0.5015568278463085
B08CGYF2L5,ES,Espring,0.0
B08CGYF2L5,IT,Espring,-0.2294157338705617
B08D6GMSG1,DE,Espring,-0.08310344783790063
B08D6GR44H,DE,Espring,0.0
B08D6GR44H,IT,Espring,0.0
B08DD1R735,DE,Tritart,-0.22546764091656923
B08DD1R735,ES,Tritart,-0.055722202200760886
B08DD1R735,FR,Tritart,-0.3044435178380278
B08DJ4WZWQ,DE,Espring,-0.5948476458707331
B08DJ4WZWQ,ES,Espring,0.0
B08DJ4WZWQ,FR,Espring,-0.44553845948318044
B08DJ4WZWQ,IT,Espring,-0.5384978246794956
B08DJ4WZWQ,US,Espring,0.5711535908040756
B08F5C44LT,US,Espring,-0.11329582868213293
B08F5CKKL1,DE,Espring,-0.15746951449214436
B08FDXN154,DE,Espring,0.1802030587680005
B08FDXN154,ES,Espring,0.0
B08FDXN154,IT,Espring,0.2917901804961268
B08FDXN154,US,Espring,-0.08537471689901095
B08FQTDNRC,DE,Tritart,0.0
B08FQWZDQP,DE,Tritart,-0.3275281577184264
B08FQWZDQP,FR,Tritart,0.4017524970918288
B08FQWZDQP,PL,Tritart,-0.6123724356957945
B08HM2VGX9,ES,Espring,-0.28426762180748055
B08HM2VGX9,FR,Espring,-0.11238021631544708
B08J3T116Q,DE,Espring,0.736155565444147
B08J45NYBM,DE,Espring,0.24837477840549613
B08J45NYBM,US,Espring,0.05906653989266642
B08JCVX1WY,DE,Espring,0.0
B08JCVX1WY,US,Espring,-0.42738052439991403
B08LDJBF86,DE,Espring,-0.18353267442812213
B08LDJBF86,US,Espring,-0.12052273095095664
B08LL4V6MD,DE,Espring,0.0
B08LL4V6MD,IT,Espring,0.0
B08LL98VSZ,DE,Espring,0.0
B08LPRLZLT,ES,Espring,0.46056618647183845
B08N18NFPW,ES,Espring,0.0
B08N18NFPW,FR,Espring,0.0
B08N18NFPW,IT,Espring,-0.04329856411352705
B08N18NFPW,US,Espring,-0.23074300147187332
B08N18QKFK,US,Espring,0.15682960060395318
B08NC1SV16,ES,Espring,0.0
B08NDVT5TR,ES,Espring,0.0
B08PFSNDF7,DE,Espring,0.0
B08PFSNDF7,IT,Espring,0.08185858384622965
B08PFTKQRB,DE,Espring,-0.028867513459481256
B08PFTKQRB,IT,Espring,0.35355339059327373
B08Q2TZMVD,DE,Tritart,-0.10791187562392757
B08Q2TZMVD,ES,Tritart,-0.19776342433397565
B08Q2TZMVD,FR,Tritart,0.0
B08Q2TZMVD,IT,Tritart,-0.6420104856066428
B08Q346F19,DE,Tritart,-0.0334027076344421
B08Q346F19,ES,Tritart,-0.1510399190805582
B08Q346F19,FR,Tritart,-0.0995475113122172
B08Q346F19,IT,Tritart,-0.09945128561493055
B08Q34XNJF,DE,Tritart,-0.41650267180849637
B08Q34XNJF,ES,Tritart,0.0
B08Q34XNJF,FR,Tritart,0.0
B08Q3BSVTM,DE,Tritart,-0.14971236790408565
B08Q3BSVTM,ES,Tritart,0.11236664374387367
B08Q3BSVTM,FR,Tritart,-0.07599519367871231
B08Q3BSVTM,IT,Tritart,0.0
B08Q3CP2J5,DE,Tritart,-0.3960193102469375
B08Q3CP2J5,ES,Tritart,-0.22940222485796938
B08Q3F1Z1N,DE,Tritart,-0.005862406011271054
B08Q3F1Z1N,ES,Tritart,-0.21821789023599236
B08Q3F1Z1N,FR,Tritart,0.0
B08Q3MTGFH,DE,Tritart,-0.2706810520128462
B08Q3MTGFH,ES,Tritart,0.0
B08Q3MTGFH,FR,Tritart,0.0
B08Q3MTGFH,IT,Tritart,-0.6011344550461946
B08Q3PLB3F,DE,Tritart,-0.12262653896495922
B08Q3PLB3F,ES,Tritart,-0.22867405108800237
B08Q3PLB3F,FR,Tritart,0.12295266124135373
B08Q3PLB3F,IT,Tritart,0.0
B08Q42K5PK,DE,Tritart,-0.3810973668180092
B08Q42K5PK,ES,Tritart,-0.11531499941582547
B08Q42K5PK,IT,Tritart,0.0
B08Q43R7MK,DE,Tritart,-0.5309747278943211
B08Q43R7MK,ES,Tritart,-0.1523981458545724
B08Q43R7MK,FR,Tritart,0.27670995796848624
B08Q43R7MK,IT,Tritart,-0.16668566382883301
B08Q449TCF,DE,Tritart,-0.33483114999567276
B08Q449TCF,ES,Tritart,-0.21799030397678348
B08Q449TCF,FR,Tritart,0.0070938044229895345
B08Q449TCF,IT,Tritart,-0.04028146166471809
B08Q44G5ZH,DE,Tritart,-0.004863977776108197
B08Q45WM7G,DE,Tritart,-0.5983673952887498
B08Q45WM7G,ES,Tritart,-0.12294184041443816
B08Q45WM7G,FR,Tritart,0.09315948758281703
B08Q45WM7G,IT,Tritart,-0.3926461657159904
B08Q46G2CG,DE,Tritart,0.0
B08Q46G2CG,FR,Tritart,-0.21505134646269708
B08Q46G2CG,IT,Tritart,-0.10883700366720059
B08Q46SPCB,DE,Tritart,-0.16896520864408618
B08Q47DRVR,DE,Tritart,0.0
B08Q47DRVR,ES,Tritart,-0.016594107056679918
B08Q47DRVR,FR,Tritart,-0.08643301033915204
B08Q47DRVR,IT,Tritart,-0.10337258077737235
B08Q47YQBG,DE,Tritart,-0.03448178396979858
B08Q47YQBG,FR,Tritart,-0.4605661864718382
B08WWNH8XF,DE,Tritart,0.06310934206284038
B08WWNH8XF,FR,Tritart,-0.08409739345540218
B08WWNH8XF,IT,Tritart,0.06985924468998024
B08X1Q96MN,ES,Tritart,-0.3140543535541283
B08Y5L4HV5,ES,Espring,0.0
B08YK68R6M,DE,Espring,0.0844845870768177
B08YK68R6M,ES,Espring,-0.21941711947405046
B08Z9ZD2ZY,DE,Espring,-0.3760507165451775
B08ZC7KBXJ,ES,Espring,0.0
B08ZC7T9FZ,ES,Espring,0.0
B08ZC82Q8Q,ES,Espring,-0.20768476987075737
B08ZCFXZ4H,ES,Espring,0.8660254037844384
B08ZCH8XBV,ES,Espring,0.0
B08ZXDKNK4,ES,Espring,-0.21093167066643226
B08ZXKKPHY,ES,Espring,0.1637215677650529
B08ZXPXKWK,ES,Espring,0.041087410116823375
B08ZXT53T4,DE,Espring,0.0
B08ZY7Q88L,ES,Espring,-0.1563713538004093
B092D4P7SL,DE,Espring,0.0
B092D4P7SL,ES,Espring,0.3525924397536462
B092D55SKX,ES,Tritart,0.003087230238459294
B092D5D8T3,ES,Tritart,0.0
B092D6LYT3,DE,Tritart,-0.28869153665767666
B092D6LYT3,ES,Tritart,-0.3333333333333333
B092D6Z5S6,ES,Espring,0.08955475877884983
B092D82RGQ,DE,Tritart,-0.163781973948591
B092D82RGQ,ES,Tritart,0.0
B092D82RGQ,FR,Tritart,0.1677063850701302
B092JGT1QB,ES,Espring,-0.10150132335074291
B092JHRZ4H,ES,Espring,-0.46340662250751496
B092JHRZ4H,US,Espring,0.014075212977458836
B092PW7WF9,DE,Tritart,0.2023868868711635
B092PW7WF9,ES,Tritart,0.4306557154477033
B092R75512,ES,Espring,-0.3464101615137754
B092YSB3T2,ES,Tritart,0.0
B092YXWL35,ES,Tritart,-1.0
B093SYNCB3,DE,Espring,-0.406015436338829
B093SYNCB3,ES,Espring,-0.2988321824111519
B098XCZZ3Q,ES,Espring,0.0
B098XCZZ3Q,US,Espring,-0.08259343030212593
B098XFGXM4,ES,Espring,0.10337312991640021
B098XFGXM4,US,Espring,-0.021618443781624714
B098XFYB62,ES,Espring,0.408248290463863
B098XFYB62,US,Espring,-0.1260134148760628
B098XG9G97,US,Espring,0.14324179548319027
B09BHPLJ35,DE,Espring,3.469446951953614e-18
B09BHPLJ35,ES,Espring,-0.21161432576771583
B09BHRB99F,DE,Espring,-0.057735026918962574
B09BHRB99F,ES,Espring,0.13878186093370448
B09C8HV2R9,ES,Espring,-0.014157999052676668
B09C8JHT9L,ES,Espring,0.0
B09FLHCNMQ,ES,Espring,0.0
B09FLHCNMQ,US,Espring,-0.05077668771968208
B09FLKHDTW,ES,Espring,-0.2184908410157287
B09FLKHDTW,US,Espring,0.019682089876940194
B09GY9XQ76,DE,Espring,-0.02117212701149439
B09GY9XQ76,ES,Espring,0.01579591541463228
B09HQWG145,ES,Espring,-0.1796089795725844
B09LV9YJM9,ES,Espring,0.6324555320336758
B09LVB5HM6,DE,Espring,0.0
B09LVB5HM6,ES,Espring,0.06328112815749422
B09LVBHZKQ,ES,Espring,-0.6236095644623236
B09LVCLKB2,DE,Espring,0.0
B09LVCLKB2,ES,Espring,0.3409125535430948
B09LVCNVL1,ES,Espring,-0.128117167281985
B09LVD47W6,DE,Espring,0.0
B09LVD47W6,ES,Espring,0.41564023569264497
B09LVD6J4C,DE,Espring,0.0
B09LVD6J4C,ES,Espring,0.18562634752525695
B09LVD7TV4,DE,Espring,0.0
B09LVD7TV4,ES,Espring,0.0027566701661990295
B09LVDNG6S,ES,Espring,0.35355339059327384
B09LVF7X3D,DE,Espring,0.0
B09LVF7X3D,ES,Espring,-0.408248290463863
B09M76QR53,DE,Espring,-0.19476793859141744
B09M76QR53,ES,Espring,-0.43873772568327196
B09M77GSNH,DE,Espring,-0.13533299049019168
B09M77GSNH,ES,Espring,-0.005464540894375142
B09Q39B21F,US,Espring,-0.28000000555024723
B09Q39MJQT,US,Espring,-0.19212510545908967
B09Q3B7KNC,US,Espring,-0.09931972161370412
B09Q3BRSPV,US,Espring,-0.3091087650854485
B09R83JDGN,DE,Espring,0.0
B09WJ1JKWP,DE,Espring,0.0
B09WNXM8T7,DE,Espring,-0.19857590958603707
