ASIN,MARKETPLACE,BRAND_NAME,regression_vals
B00BBL0OPS,DE,H&S,"[-2.799027552674231, 32.70312803889789]"
B00BBL0OPS,ES,H&S,"[-0.7189655172413787, 24.948620689655176]"
B00BBL0OPS,FR,H&S,"[-0.35111626558422776, 30.761817918237167]"
B00BBL0OPS,IT,H&S,"[0.17647058823529418, 34.81352941176471]"
B00BBL0OPS,UK,H&S,"[-0.0653609436812364, 20.873825963931505]"
B00BVG3JMS,DE,H&S,"[-6.751163427282379e-31, 25.989999999999988]"
B00BVG3JMS,ES,H&S,"[-1.4095919429760135e-31, 28.990000000000002]"
B00BVG3JMS,FR,H&S,"[-0.08050244553134725, 27.98115162294353]"
B00BVG3JMS,IT,H&S,"[-8.301229359992801e-31, 29.98999999999999]"
B00BVG3JMS,UK,H&S,"[-0.004047149211304138, 23.212338123231692]"
B00BVG3JMS,US,H&S,"[-0.18941608080559366, 26.356626805132514]"
B00BVTF9GE,US,H&S,"[-0.5738167319047618, 12.509229823333333]"
B00BVUIVYU,DE,H&S,"[-0.01857906953274799, 8.440252295892623]"
B00BVUIVYU,ES,H&S,"[-0.09348511383537657, 13.275429071803853]"
B00BVUIVYU,FR,H&S,"[-0.03738685556867379, 12.859762560671653]"
B00BVUIVYU,IT,H&S,"[0.13846997532218255, 14.958741431313406]"
B00BVUIVYU,UK,H&S,"[-0.02798359405072209, 8.506305010618231]"
B00BVUIVYU,US,H&S,"[-0.1330955022416452, 7.493619959898886]"
B00C01Z4BC,DE,H&S,"[-0.019759450171821322, 4.275223367697595]"
B00C01Z4BC,ES,H&S,"[-2.856492255229928e-32, 5.490000000000001]"
B00C01Z4BC,FR,H&S,"[-2.625338205864116e-31, 6.490000000000002]"
B00C01Z4BC,IT,H&S,"[0.0, 5.990000000000001]"
B00C01Z4BC,PL,H&S,"[-0.19026954906849325, 3.3966798566301377]"
B00C01Z4BC,UK,H&S,"[0.016924417563264273, 3.7452775097911015]"
B00C01Z4BC,US,H&S,"[-0.007033481687231203, 4.194110153746494]"
B00C13AZEA,DE,H&S,"[0.1325136952191236, 24.210268924302788]"
B00C13AZEA,ES,H&S,"[0.0413223140495868, 22.622883862548935]"
B00C13AZEA,FR,H&S,"[0.015873015873015872, 26.669365079365082]"
B00C13AZEA,IT,H&S,"[0.053925429959301566, 26.35904293028752]"
B00C13AZEA,UK,H&S,"[0.012755030313033506, 25.00344239485837]"
B00C13AZEA,US,H&S,"[-0.11466067955395673, 26.61782409322302]"
B00C13AZEK,DE,H&S,"[-0.0, 12.790000000000001]"
B00C13AZEK,ES,H&S,"[0.015974995658968566, 14.842925855183193]"
B00C13AZEK,FR,H&S,"[0.0, 16.990000000000002]"
B00C13AZEK,IT,H&S,"[0.036206896551724134, 18.015862068965518]"
B00C13AZEK,PL,H&S,"[1.3990622750000001, 11.174616015]"
B00C13AZEK,UK,H&S,"[-0.0354712508526272, 16.20045304514803]"
B00C13AZEK,US,H&S,"[-0.33607693357946355, 16.4600685961321]"
B00C13AZFE,DE,H&S,"[-3.981810642729094e-31, 30.089999999999996]"
B00C13AZFE,ES,H&S,"[-0.1128611460044448, 31.588028795052647]"
B00C13AZFE,FR,H&S,"[-0.0, 34.99]"
B00C13AZFE,IT,H&S,"[1.4454037982209047e-30, 39.989999999999995]"
B00C13AZFE,UK,H&S,"[-0.002721336518104723, 31.022382740288048]"
B00C13AZFE,US,H&S,"[0.2106354731479083, 29.44254799717549]"
B00C1S9C4Y,DE,H&S,"[-0.04356141096472587, 11.02575346662845]"
B00C1S9C4Y,ES,H&S,"[-0.06795051161769954, 14.349860642471125]"
B00C1S9C4Y,FR,H&S,"[-0.18084432048681545, 14.85194219066937]"
B00C1S9C4Y,IT,H&S,"[-0.024749026583900383, 11.428926692126835]"
B00C1S9C4Y,UK,H&S,"[-0.00022877508328306972, 9.739844395443432]"
B00C1S9C4Y,US,H&S,"[-0.02819127712508503, 11.510137491172113]"
B00DHPM6GG,UK,H&S,"[0.0026549660864251395, 5.770303847632476]"
B00DHPM6GG,US,H&S,"[-0.0810641765109756, 5.5451286103679776]"
B00FAZ6L4Y,DE,H&S,"[0.1419098143236075, 11.270282935455349]"
B00FAZ6L4Y,ES,H&S,"[0.0, 13.99]"
B00FAZ6L4Y,FR,H&S,"[-0.008196721311475346, 16.998196721311473]"
B00FAZ6L4Y,IT,H&S,"[0.052500000000000095, 16.069999999999997]"
B00FAZ6L4Y,UK,H&S,"[0.004280443315445629, 11.564885158364444]"
B00FAZ6L4Y,US,H&S,"[0.3397710271828357, 12.39555345227612]"
B00FHGCK32,DE,H&S,"[-0.010687022900763354, 18.089236641221373]"
B00FHGCK32,ES,H&S,"[-0.03765201122544432, 17.842666043030867]"
B00FHGCK32,FR,H&S,"[-0.03606807351940099, 18.760283185840706]"
B00FHGCK32,IT,H&S,"[-0.060315315315315324, 18.113918918918912]"
B00FHGCK32,UK,H&S,"[-0.013728415858442288, 14.318701526980067]"
B00FHGCK32,US,H&S,"[0.13160745096167156, 13.358288179484777]"
B00FHGGUT2,DE,H&S,"[-0.005427901524032811, 18.10968347010551]"
B00FHGGUT2,ES,H&S,"[-0.0, 11.98]"
B00FHGGUT2,FR,H&S,"[-0.05205128205128209, 21.146153846153847]"
B00FHGGUT2,IT,H&S,"[4.085023288824944e-31, 18.990000000000002]"
B00FHGGUT2,UK,H&S,"[0.003612265912318032, 11.396444205693733]"
B00FHGGUT2,US,H&S,"[0.011153970768712574, 13.090669209008983]"
B00K1Q9HIE,ES,H&S,"[-0.0, 10.49]"
B00K1Q9HIE,FR,H&S,"[-0.0, 13.99]"
B00K1Q9HIE,IT,H&S,"[0.0, 11.79]"
B00K1Q9HIE,UK,H&S,"[-0.01875364990797842, 9.482477599509092]"
B00K1Q9HIE,US,H&S,"[-0.14539151097311814, 7.728426796360216]"
B00MVG3X6Y,UK,H&S,"[0.0015580656704251808, 10.905552512986661]"
B00MVG3X6Y,US,H&S,"[-0.007010908518841197, 12.317303878037466]"
B00NBCCR0A,DE,H&S,"[-6.950783223230662e-32, 16.990000000000002]"
B00NBCCR0A,IT,H&S,"[-0.0311585110832288, 18.87247595148473]"
B00NBCCR0A,UK,H&S,"[0.0012977325160581903, 14.465389392062045]"
B00NBCCR0A,US,H&S,"[-0.018696480331903683, 13.829102675399609]"
B00TY0BZ56,DE,H&S,"[-0.056803105498501316, 9.805439044764384]"
B00TY0BZ56,ES,H&S,"[-0.012240823071172838, 11.177768029271746]"
B00TY0BZ56,FR,H&S,"[-0.007310535293639831, 12.606643652018517]"
B00TY0BZ56,IT,H&S,"[-0.003906250000000002, 11.036874999999998]"
B00TY0BZ56,UK,H&S,"[-0.017653336191049293, 10.107366787689914]"
B00TY0BZ56,US,H&S,"[0.024013776106868324, 9.744001628193455]"
B00TY1HA18,DE,H&S,"[0.34793863099921335, 23.531313926042483]"
B00TY1HA18,ES,H&S,"[1.211075529247879e-31, 26.990000000000002]"
B00TY1HA18,FR,H&S,"[1.178586403381976e-31, 29.990000000000002]"
B00TY1HA18,IT,H&S,"[0.0, 27.990000000000002]"
B00TY1HA18,UK,H&S,"[0.0025967226996304136, 23.71488281350654]"
B00TY1HA18,US,H&S,"[0.2332535437627671, 16.09264326864475]"
B00TY2O8QC,DE,H&S,"[-0.018370607028753996, 12.382172523961659]"
B00TY2O8QC,ES,H&S,"[-0.03134328358208953, 15.361641791044777]"
B00TY2O8QC,FR,H&S,"[3.7935106207909692e-31, 20.889999999999997]"
B00TY2O8QC,IT,H&S,"[-0.0, 14.490000000000002]"
B00TY2O8QC,UK,H&S,"[-0.01002944077106252, 13.3460095509017]"
B00TY2O8QC,US,H&S,"[0.33267047876267786, 12.808825252413794]"
B0144EOR7E,DE,Espring,"[-0.2802197802197803, 9.836153846153845]"
B0144EOR7E,ES,Espring,"[-0.32232558139534867, 9.506511627906978]"
B0144EOR7E,FR,Espring,"[-0.7228260869565221, 9.537826086956523]"
B0144EOR7E,IT,Espring,"[-0.05413533834586461, 8.88774436090226]"
B014TDD6OU,DE,Espring,"[-0.03863251288965, 10.860502286432618]"
B014TDD6OU,ES,Espring,"[-1.6189833162966653e-31, 11.990000000000002]"
B014TDD6OU,FR,Espring,"[-0.22292993630573255, 13.358152866242037]"
B014TDD6OU,IT,Espring,"[0.087964338781575, 12.83517087667162]"
B014TDD6OU,UK,Espring,"[-0.17436851054753622, 11.39650113562191]"
B014TDD6OU,US,Espring,"[-0.19713717768727268, 12.539104216370902]"
B014TDD6P4,ES,Espring,"[-0.11392857142857142, 7.623928571428571]"
B014TDD6P4,FR,Espring,"[-0.05044897959183729, 7.292448979591837]"
B014TDD94W,DE,Espring,"[1.300299512810638e-31, 8.990000000000002]"
B014TDD94W,ES,Espring,"[-0.0017665550468119917, 9.537321123488006]"
B014TDD94W,IT,Espring,"[-0.02126377663482733, 10.064180749448937]"
B015FX4ZZ2,DE,Espring,"[-0.029609690444145336, 5.0532570659488565]"
B015FX4ZZ2,ES,Espring,"[0.10326086956521756, 6.011739130434783]"
B015FX4ZZ2,FR,Espring,"[-0.18142460382290482, 6.25441757882699]"
B015FX4ZZ2,IT,Espring,"[-0.0639534883720929, 6.164418604651163]"
B015H6NFPS,DE,Espring,"[0.0, 13.49]"
B015H6NFPS,ES,Espring,"[0.0, 15.89]"
B015H6NFPS,FR,Espring,"[-2.7811546611648437e-31, 16.789999999999996]"
B015H6NFPS,IT,Espring,"[0.0, 16.990000000000002]"
B01648O8CM,DE,H&S,"[0.06335335882031676, 13.483719279082466]"
B01648O8CM,ES,H&S,"[-0.0013157894736842294, 17.086842105263166]"
B01648O8CM,FR,H&S,"[-0.29744788426073815, 17.45977875684553]"
B01648O8CM,IT,H&S,"[6.373781041455554e-18, 16.94]"
B01648O8CM,PL,H&S,"[0.14261013867857106, 9.035775406964287]"
B01648O8CM,UK,H&S,"[-0.014015364605692965, 12.827054091594029]"
B01648O8CM,US,H&S,"[-0.29479012923111575, 15.454907050239921]"
B016AHAPJC,DE,H&S,"[-0.4872415425895722, 20.47198032303888]"
B016AHAPJC,ES,H&S,"[-0.18701953371140526, 21.260825456836805]"
B016AHAPJC,FR,H&S,"[0.0, 23.49]"
B016AHAPJC,IT,H&S,"[-0.5976810239447765, 21.690125835909978]"
B016AHAPJC,UK,H&S,"[-0.08589922972331106, 17.76542779195604]"
B016AHAPJC,US,H&S,"[0.05365430761479598, 20.634847131020408]"
B016CQV2E8,DE,H&S,"[-0.032421874999999996, 19.376718750000002]"
B016CQV2E8,ES,H&S,"[-0.007882403067746062, 18.819569663400085]"
B016CQV2E8,FR,H&S,"[0.08490566037735849, 21.48056603773585]"
B016CQV2E8,IT,H&S,"[0.008628127696289869, 22.455918895599655]"
B016CQV2E8,UK,H&S,"[-0.006812465137410761, 18.388801540474137]"
B016CQV2E8,US,H&S,"[-0.1092153540000002, 15.358393171]"
B016JQDRNU,DE,H&S,"[-0.039174189089966754, 18.76026735196303]"
B016JQDRNU,ES,H&S,"[-0.08902759526938227, 17.669040735873853]"
B016JQDRNU,FR,H&S,"[1.629029729121897e-31, 22.990000000000002]"
B016JQDRNU,IT,H&S,"[-0.07793330588719645, 20.248254425689584]"
B016JQDRNU,UK,H&S,"[0.006833815562760962, 17.338316726217464]"
B016JQDRNU,US,H&S,"[-0.03584691710144257, 16.854045670908615]"
B016KSQ5F4,DE,H&S,"[0.07311072056238997, 24.884903339191563]"
B016KSQ5F4,ES,H&S,"[0.0, 18.49]"
B016KSQ5F4,FR,H&S,"[-0.0, 22.99]"
B016KSQ5F4,IT,H&S,"[0.0, 20.49]"
B016KSQ5F4,UK,H&S,"[0.01063418724617782, 16.412068764987634]"
B016KSQ5F4,US,H&S,"[0.12535257451283902, 22.020419175107286]"
B016LHY28G,DE,H&S,"[-0.01895300500246599, 12.68928838159656]"
B016LHY28G,ES,H&S,"[-1.41950074199923e-31, 15.490000000000002]"
B016LHY28G,FR,H&S,"[-0.2149122807017543, 21.954912280701755]"
B016LHY28G,IT,H&S,"[0.0, 23.99]"
B016LHY28G,PL,H&S,"[0.08935479160000027, 7.76724708]"
B016LHY28G,UK,H&S,"[-0.00084975713357411, 11.018766742778023]"
B017DIQL0O,DE,Espring,"[-0.0361459434959964, 14.492847862214838]"
B017DIQL0O,ES,Espring,"[-4.68653212232964e-31, 15.789999999999997]"
B017DIQL0O,FR,Espring,"[2.6614106823881495e-31, 17.289999999999996]"
B017DIQL0O,IT,Espring,"[0.0, 17.99]"
B017DIQL0O,UK,Espring,"[-0.09675762131474108, 12.50459942957066]"
B017GLNHEG,DE,H&S,"[0.051032050617155905, 14.049226221346332]"
B017GLNHEG,ES,H&S,"[0.27715355805243436, 14.885131086142323]"
B017GLNHEG,FR,H&S,"[0.10168067226890755, 17.824453781512606]"
B017GLNHEG,IT,H&S,"[-0.0739516483516484, 16.851674725274727]"
B017GLNHEG,UK,H&S,"[-0.01044795696984078, 16.212475469120733]"
B017GLNHEG,US,H&S,"[-0.8444880625925926, 18.934985802592596]"
B017GLWKXK,DE,H&S,"[-0.006903353057199205, 13.093550295857986]"
B017GLWKXK,ES,H&S,"[-0.009426708341238847, 14.81734843870143]"
B017GLWKXK,FR,H&S,"[-0.114193397695422, 17.234113983182812]"
B017GLWKXK,IT,H&S,"[-0.23777173913043453, 16.104130434782608]"
B017GLWKXK,UK,H&S,"[0.00270425809150147, 11.547007907196253]"
B017GLWKXK,US,H&S,"[-0.0005435356800000475, 11.016735195617779]"
B017L0A6K0,DE,Espring,"[-0.32356637863315, 12.948287509819322]"
B017L0A6K0,ES,Espring,"[-0.8174129353233831, 14.693980099502493]"
B017L0A6K0,FR,Espring,"[-0.31012201885745977, 15.090471436494736]"
B017L0A6K0,IT,Espring,"[-0.05822446555819481, 14.652559382422794]"
B018ASUHVU,DE,Espring,"[-9.547164089363497e-33, 12.989999999999998]"
B018ASUHVU,ES,Espring,"[-0.2664957865168536, 16.330568820224716]"
B018ASUHVU,FR,Espring,"[-0.13417427969079396, 16.553612087139847]"
B018ASUHVU,IT,Espring,"[-0.03396278187986426, 16.031022251047695]"
B018I2DWPQ,DE,Espring,"[2.953584870901939e-32, 12.989999999999998]"
B018I2DWPQ,ES,Espring,"[-0.006896551724137785, 13.996896551724141]"
B018I2DWPQ,FR,Espring,"[-0.03520103761348905, 15.421776913099869]"
B018I2DWPQ,IT,Espring,"[0.16866666666666644, 14.784666666666666]"
B018I2NCBA,ES,Espring,"[-0.11396702230843844, 8.051590688651794]"
B018I2NCBA,FR,Espring,"[-0.19132173913043468, 9.866852173913044]"
B018OMJGCS,DE,H&S,"[-0.056261343012704156, 13.401070780399273]"
B018OMJGCS,ES,H&S,"[1.5040588598237497e-31, 13.989999999999998]"
B018OMJGCS,UK,H&S,"[-0.0002475234414049123, 7.53801481599617]"
B018OMJGCS,US,H&S,"[0.006174953607142886, 8.221921374410714]"
B018ZBRFOY,DE,Espring,"[0.049999999999999996, 9.940000000000001]"
B0193JCAKG,DE,Espring,"[-0.2663192539769609, 16.185282501371365]"
B0193JCAKG,FR,Espring,"[0.12142857142857125, 19.394999999999992]"
B0193JCAKG,IT,Espring,"[0.37100591715976344, 16.927278106508876]"
B0193JCAKG,US,Espring,"[0.011031976299810163, 12.254275546185958]"
B01991A32K,DE,Espring,"[-0.04934586004038985, 8.547467732022128]"
B01991A32K,ES,Espring,"[0.007449209932279926, 8.649367945823927]"
B01991A32K,FR,Espring,"[3.0989383083040876e-32, 10.989999999999998]"
B019DWX2Y6,DE,Espring,"[-1.0964008489647982e-32, 13.989999999999998]"
B019DWX2Y6,ES,Espring,"[0.018941176470588194, 15.538470588235297]"
B019DWX2Y6,FR,Espring,"[-0.028564516129032276, 18.10238709677419]"
B019DWX2Y6,IT,Espring,"[0.0034735413839890998, 16.520291723202167]"
B019IYUZ1W,ES,Espring,"[-0.19805084745762722, 10.748707627118643]"
B019IYUZ1W,FR,Espring,"[-0.37315162358673704, 12.941789561840952]"
B019XSNG96,DE,Espring,"[-0.016628500968821566, 17.194315659679408]"
B019XSNG96,ES,Espring,"[-0.22114285714285722, 17.944857142857142]"
B019XSNG96,FR,Espring,"[-0.0, 20.990000000000002]"
B019XSNG96,IT,Espring,"[-0.21691176470588253, 17.861323529411763]"
B019XSNG96,US,Espring,"[0.1573083856272401, 15.314735640465948]"
B019XTF03U,DE,Espring,"[0.04621048072758771, 13.42521004763967]"
B019XTF03U,ES,Espring,"[-0.11987068965517254, 14.683362068965513]"
B019XTF03U,FR,Espring,"[0.08308250226654566, 15.92341795104261]"
B019XTF03U,IT,Espring,"[-0.00702702702702688, 15.216432432432429]"
B019XU7QLS,DE,Espring,"[-0.08870967741935486, 8.360967741935486]"
B019Y5U1G4,DE,Espring,"[0.012798092209856924, 8.846200317965025]"
B019Y5U1G4,ES,Espring,"[-0.0, 10.49]"
B019Y5U1G4,FR,Espring,"[0.0, 10.99]"
B01AAJOVH8,IT,Espring,"[-1.5661852107809258, 13.024854872149275]"
B01AM85KWW,ES,Espring,"[0.0, 8.621219512195122]"
B01AM85KWW,FR,Espring,"[-0.1473333333333333, 8.933333333333332]"
B01BH6XFG6,DE,Espring,"[-0.1261088242690561, 15.776584252114409]"
B01BH6XFG6,ES,Espring,"[0.06603773584905642, 16.672675814751287]"
B01BH6XFG6,FR,Espring,"[0.004197271773347358, 18.197135362014688]"
B01BH6XFG6,IT,Espring,"[0.06250000000000007, 16.3525]"
B01BH6XFG6,UK,Espring,"[-0.06261944895348831, 16.02877366848837]"
B01CGDQMDM,DE,Espring,"[0.04186483915600138, 9.888640176409547]"
B01CGDQMDM,ES,Espring,"[-0.26833568406205927, 12.761039022096847]"
B01CGDQMDM,FR,Espring,"[-0.2854756415586379, 13.366412562833059]"
B01CGDQMDM,IT,Espring,"[-0.5493827160493833, 12.582592592592592]"
B01CGDQMDM,UK,Espring,"[-1.0049168189536344, 15.673451468897246]"
B01CGDQMDM,US,Espring,"[0.0050530389537261815, 9.141426757270917]"
B01DSCC1Y4,DE,Tritart,"[0.014342235410484664, 4.636389713155294]"
B01DSCC1Y4,ES,Tritart,"[0.0, 5.989999999999998]"
B01DSCC1Y4,PL,Tritart,"[0.059913710857142935, 6.547029178142857]"
B01F7TT4I2,DE,Espring,"[0.026988636363636347, 9.935170454545455]"
B01FWEBV6K,IT,Espring,"[-1.1102230246251565e-16, 7.8]"
B01G488QPC,DE,Espring,"[-0.11829036522888792, 14.554716575772598]"
B01G488QPC,ES,Espring,"[-0.49028155339805884, 17.001543689320386]"
B01G488QPC,FR,Espring,"[-0.1920746887966805, 16.983070539419078]"
B01G488QPC,IT,Espring,"[-0.05141666666666658, 16.832583333333332]"
B01G6UPTUI,DE,Espring,"[0.0043947957141174995, 10.266345225479808]"
B01G6UPTUI,ES,Espring,"[-0.005594634873323404, 11.195365126676602]"
B01G6UPTUI,FR,Espring,"[-0.003354660210963179, 12.673399619574614]"
B01G6UPTUI,IT,Espring,"[0.2173793859649123, 12.507927631578948]"
B01G6UPTUI,US,Espring,"[-0.048796864055352496, 9.29243734937702]"
B01G9KXXGM,UK,H&S,"[-0.0033856014602407516, 11.60905043447991]"
B01GK3YTG6,DE,Espring,"[-0.06615585871799666, 8.708744159970099]"
B01GK3YTG6,ES,Espring,"[-0.8376068376068377, 13.148119658119658]"
B01GK3YTG6,FR,Espring,"[-0.01915727805317707, 11.753294276701219]"
B01GK3YTG6,IT,Espring,"[-0.0, 13.99]"
B01H2A42C2,DE,Espring,"[0.05568369028006587, 5.204168039538716]"
B01H723G6S,DE,Espring,"[-0.14550264550264524, 6.519100529100531]"
B01HBA2IM4,DE,Espring,"[-0.001531188598534128, 19.036155164013856]"
B01HBA2IM4,ES,Espring,"[1.419556958406369e-17, 22.832105263157896]"
B01HBA2IM4,FR,Espring,"[-0.20118343195266267, 24.918994082840236]"
B01HBA2IM4,IT,Espring,"[-0.04331210191082807, 22.958152866242038]"
B01HBA2IM4,US,Espring,"[-0.011397436872678744, 17.411191699342922]"
B01HFIONTS,DE,Espring,"[-0.0033233106504193645, 10.726413989555308]"
B01HFIONTS,ES,Espring,"[0.5, 18.390000000000004]"
B01HFIONTS,FR,Espring,"[0.8333333333333333, 14.323333333333332]"
B01HFIONTS,IT,Espring,"[-0.03311271975180974, 12.033099793174767]"
B01HFIOUJG,DE,Espring,"[0.15698841698841692, 10.776949806949807]"
B01HFIOUJG,ES,Espring,"[0.14166666666666647, 11.181666666666667]"
B01HFIOUJG,FR,Espring,"[0.17426470588235318, 13.618235294117644]"
B01HFIOUJG,US,Espring,"[0.1689039651334146, 10.648602643056304]"
B01HFJEZ68,DE,Espring,"[6.131052857306023e-31, 33.989999999999995]"
B01HFJEZ68,ES,Espring,"[-1.5099682539682555, 38.46396825396824]"
B01HMJ2LQW,DE,Espring,"[-0.14590097402597396, 20.859439935064938]"
B01HMJ2LQW,ES,Espring,"[0.20446808510638229, 23.785531914893614]"
B01HMJ2LQW,FR,Espring,"[-0.03508804448563474, 26.53999073215941]"
B01HMJ2LQW,IT,Espring,"[-0.13159408244680842, 24.109539561170212]"
B01HMJ2OF0,IT,Espring,"[-0.02769230769230762, 14.6089966555184]"
B01HOA4J5K,DE,Espring,"[-0.00760680991317017, 10.635689408220347]"
B01HOA4J5K,ES,Espring,"[-0.0, 14.99]"
B01HOA4J5K,FR,Espring,"[-4.574457733855466e-31, 16.990000000000002]"
B01HOA4J5K,IT,Espring,"[-0.08902922032959422, 16.137348012740617]"
B01HOA4J5K,UK,Espring,"[-0.057076227345481234, 11.684282838238396]"
B01HOA4J5K,US,Espring,"[-0.11799979396510926, 11.886298594881728]"
B01HS5ASGK,UK,H&S,"[-0.0017878789077237112, 11.924347038801807]"
B01HXOSRYG,DE,Espring,"[-0.38450058039909346, 19.08851307279863]"
B01HXOSRYG,ES,Espring,"[-0.6912291933418693, 23.57898847631242]"
B01HXOSRYG,FR,Espring,"[-0.6590992310508973, 26.60991944342732]"
B01HXOSRYG,IT,Espring,"[0.05139460803356381, 23.342148240229978]"
B01HXOSRYG,UK,Espring,"[-0.4306340776332623, 21.605322282302776]"
B01HXOSRYG,US,Espring,"[-0.0002851326087319937, 15.20951745890328]"
B01HXVPJ68,IT,Espring,"[-0.0, 5.5]"
B01HXX8RVA,DE,Espring,"[-1.3367769168244388e-31, 10.989999999999998]"
B01HXX8RVA,ES,Espring,"[1.8233636397183465e-32, 12.989999999999998]"
B01HXX8RVA,FR,Espring,"[-1.3688696980249757e-31, 11.989999999999998]"
B01HXX8RVA,IT,Espring,"[0.0, 11.99]"
B01HXX8RVA,UK,Espring,"[-0.13664763472262625, 10.195167983747154]"
B01HXX8RVA,US,Espring,"[-0.044230144751773025, 8.854933296106385]"
B01HZDQ5Q2,DE,Espring,"[-0.4679270762997973, 9.407960837272114]"
B01HZDQ5Q2,US,Espring,"[3.124354186391129e-05, 12.653597183148927]"
B01I1HQNFE,DE,Espring,"[0.12903225806451615, 14.264193548387096]"
B01I9P24BK,DE,Espring,"[-5.584297180524847e-32, 20.990000000000002]"
B01I9P24BK,ES,Espring,"[-0.036411483253588534, 21.55259968102073]"
B01I9P24BK,FR,Espring,"[-0.14045278137128078, 22.720957309184996]"
B01I9P24BK,IT,Espring,"[-0.014132231404958711, 22.141157024793394]"
B01ICXZED4,DE,Espring,"[0.10906737148713523, 28.03708991855007]"
B01ICXZED4,ES,Espring,"[-0.010590692124105003, 33.01013723150356]"
B01ICXZED4,IT,Espring,"[1.7927159075028393e-31, 33.98999999999999]"
B01IF16N8I,IT,Espring,"[-0.024090909090909125, 20.672402597402595]"
B01IHT0V18,DE,Espring,"[-0.1295387634936212, 30.698047105004907]"
B01IHT0V18,IT,Espring,"[0.4698181818181817, 33.42018181818182]"
B01IRAN2R2,DE,Espring,"[0.022137096774193555, 8.14741935483871]"
B01IRAN2R2,ES,Espring,"[0.04324999999999997, 7.50875]"
B01IRAN2R2,FR,Espring,"[-0.002617079889807172, 7.641115702479339]"
B01IRAN2R2,IT,Espring,"[-0.01262839879154077, 8.013897280966768]"
B01IRAN2R2,US,Espring,"[0.1723504251373912, 8.84577763145913]"
B01J3WOZ4M,DE,Espring,"[-0.018312152552506705, 12.782841786563878]"
B01J3WOZ4M,ES,Espring,"[-0.0, 13.49]"
B01J3WOZ4M,FR,Espring,"[1.8881920372694998e-31, 14.589999999999996]"
B01J3WOZ4M,IT,Espring,"[0.0, 14.99]"
B01J7YPHCU,DE,Espring,"[-0.18290026689572658, 13.822162468938858]"
B01J7YPHCU,IT,Espring,"[-1.4142314540059344, 17.78629673590504]"
B01JA6LPJE,DE,Espring,"[-0.21512043409211223, 18.90412122816305]"
B01JA6LPJE,ES,Espring,"[-0.018735177984976013, 19.142098539126504]"
B01JA6LPJE,FR,Espring,"[0.10958465011286678, 22.11450112866818]"
B01JA6LPJE,IT,Espring,"[-0.015586319218241027, 19.944609120521168]"
B01JA6LPJE,UK,Espring,"[0.0, 20.08036739]"
B01JA6LPJE,US,Espring,"[-0.2444687765142274, 14.915753734077235]"
B01JA9T2N2,DE,Espring,"[-0.03285190451245978, 18.29823916785153]"
B01JA9T2N2,ES,Espring,"[-0.38207547169811307, 22.939056603773587]"
B01JA9T2N2,FR,Espring,"[-0.45135055495530857, 24.213789411649152]"
B01JA9T2N2,IT,Espring,"[-1.2724164844676258e-31, 21.990000000000002]"
B01JA9T2N2,UK,Espring,"[-0.08060455075978655, 18.285914622045432]"
B01JA9T2N2,US,Espring,"[-0.21502801505648192, 16.067383464219116]"
B01JAAUA0U,DE,Espring,"[-0.029779411764705863, 15.86720588235294]"
B01JAAUA0U,ES,Espring,"[-0.0, 15.99]"
B01JAAUA0U,FR,Espring,"[-0.3154904876281978, 15.845579701856721]"
B01JAAUA0U,IT,Espring,"[0.04528301886792431, 14.73288628250892]"
B01JAAUA0U,US,Espring,"[0.035242671558145804, 12.672646570921117]"
B01JIVXOUO,DE,Espring,"[0.05299888742793563, 17.51968544553454]"
B01JIVXOUO,US,Espring,"[-0.39340300357039176, 15.584800915104013]"
B01JP1QDKU,DE,Espring,"[-0.21168264388824648, 12.114435823790517]"
B01JP1QDKU,ES,Espring,"[-0.30555225653206625, 13.57607482185273]"
B01JP1QDKU,FR,Espring,"[-0.2824704142011833, 17.408579881656806]"
B01JP1QDKU,IT,Espring,"[-0.13156996587030717, 13.963549488054609]"
B01JP1QDKU,US,Espring,"[-0.261062777165611, 7.14586230365101]"
B01JXX9960,DE,H&S,"[-7.198944934919373e-33, 6.490000000000002]"
B01JXX9960,ES,H&S,"[0.0, 8.99]"
B01JXX9960,FR,H&S,"[0.0, 9.49]"
B01JXX9960,IT,H&S,"[-0.0, 10.49]"
B01JXX9960,UK,H&S,"[-0.002164617444314171, 8.521993240640887]"
B01JXX9960,US,H&S,"[-0.28095994271173136, 7.289144300388781]"
B01K0YPWEY,DE,H&S,"[0.0, 10.49]"
B01K0YPWEY,ES,H&S,"[-7.768688361529707e-32, 11.989999999999998]"
B01K0YPWEY,FR,H&S,"[4.299692978838507e-32, 13.989999999999998]"
B01K0YPWEY,IT,H&S,"[-1.5279113224421024e-31, 13.489999999999998]"
B01K0YPWEY,UK,H&S,"[-0.003990610503722682, 11.507052803267921]"
B01K0YPWEY,US,H&S,"[-0.08824471560005583, 11.494051476416766]"
B01K1135UO,DE,H&S,"[-0.0, 9.99]"
B01K1135UO,ES,H&S,"[0.01812450748620962, 11.965571315996847]"
B01K1135UO,FR,H&S,"[0.0, 14.49]"
B01K1135UO,IT,H&S,"[-0.004142606075822265, 13.215458197338688]"
B01K1135UO,UK,H&S,"[3.9017880349393674e-05, 11.678109509796728]"
B01K1135UO,US,H&S,"[0.009395694599999869, 9.629683080400001]"
B01K1ZD6HC,ES,Espring,"[0.017339449541284416, 13.311651376146791]"
B01K1ZD6HC,FR,Espring,"[-0.06439393939393936, 14.183181818181817]"
B01K1ZD6HC,IT,Espring,"[-0.4442307692307692, 14.416923076923073]"
B01K4R2FWY,DE,Espring,"[0.025887573964496993, 10.013668639053256]"
B01K4R2FWY,IT,Espring,"[0.0016666666666663367, 10.996666666666668]"
B01KHR1P68,ES,Espring,"[0.0, 16.25375]"
B01KHR1P68,FR,Espring,"[-0.1779844031193763, 17.867024595080988]"
B01KHR1P68,IT,Espring,"[0.0768019480519481, 17.200194805194805]"
B01KKAWI72,IT,Espring,"[-0.0314039408866996, 8.09098522167488]"
B01LAUQ91M,DE,Espring,"[-0.11658058395699376, 21.89866448824708]"
B01LAUQ91M,ES,Espring,"[2.599999999999999, 21.61]"
B01LAUQ91M,FR,Espring,"[-0.4628047182175623, 24.67592398427261]"
B01LAUQ91M,IT,Espring,"[-0.4138695652173906, 24.817521739130427]"
B01LAUQ91M,US,Espring,"[0.3210421496259349, 15.400657635211974]"
B01LIQ82OA,DE,Tritart,"[-0.07068159156735197, 7.646426570438252]"
B01LIQ82OA,ES,Tritart,"[-0.04553495612793661, 8.483348429097084]"
B01LIQ82OA,FR,Tritart,"[-0.08127435771311817, 9.445219645086837]"
B01LIQ82OA,IT,Tritart,"[-0.20277563608326915, 8.663091750192754]"
B01LIQ82OA,PL,Tritart,"[0.0, 9.733482643]"
B01LMKPSGM,DE,H&S,"[-3.7153855903581645e-32, 11.989999999999998]"
B01LMKPSGM,ES,H&S,"[2.2939286185526642e-31, 13.989999999999998]"
B01LMKPSGM,FR,H&S,"[-0.0, 15.99]"
B01LMKPSGM,IT,H&S,"[0.0, 15.99]"
B01LMKPSGM,UK,H&S,"[0.016877753041957082, 12.68219557845788]"
B01LMKPSGM,US,H&S,"[-0.17450108694140373, 11.62362979598036]"
B01LNDMWQC,ES,Espring,"[-0.04167938931297708, 12.619847328244274]"
B01LNDMWQC,FR,Espring,"[-0.44791237113402005, 14.405924153166412]"
B01LNDMWQC,IT,Espring,"[0.3186153846153842, 12.651384615384616]"
B01LPSMHS8,DE,Espring,"[0.07746478873239437, 27.151971830985914]"
B01LPSMHS8,ES,Espring,"[0.0, 29.99]"
B01LPSMHS8,FR,Espring,"[0.27272727272727304, 36.89909090909091]"
B01LPSMHS8,IT,Espring,"[-0.0, 34.99]"
B01LQ4CZ3S,DE,Espring,"[-0.17211024769305489, 11.890012141816415]"
B01LQ4CZ3S,ES,Espring,"[-0.18512110726643619, 14.751245674740481]"
B01LQ4CZ3S,FR,Espring,"[-0.4516129032258062, 14.808548387096774]"
B01LQ4CZ3S,IT,Espring,"[-1.0501792114695343, 14.151290322580644]"
B01LW0UMHZ,UK,H&S,"[-0.006373352867617126, 10.800345494973525]"
B01LW463CQ,ES,Espring,"[-0.02893368010403122, 13.565097529258777]"
B01LW463CQ,FR,Espring,"[0.018551236749116587, 15.135759717314487]"
B01LW463CQ,IT,Espring,"[-0.018318523581681463, 14.376056049213947]"
B01LWJRCVJ,DE,Espring,"[-0.1813854310742276, 17.93882664822499]"
B01LWJRCVJ,ES,Espring,"[-0.04702894088669945, 18.391169950738917]"
B01LWJRCVJ,FR,Espring,"[0.1605961308210977, 19.857698027600982]"
B01LWJRCVJ,IT,Espring,"[0.05991551800800353, 18.252472209871055]"
B01LWJRCVJ,PL,Espring,"[0.04997955327272713, 13.617217245090908]"
B01LWJRCVJ,UK,Espring,"[0.0035447642888220923, 16.645042441779758]"
B01LWJRCVJ,US,Espring,"[-0.38103524047545995, 9.19542547074233]"
B01LXCW0VK,DE,Espring,"[5.244999999999997, 20.535]"
B01LXCW0VK,ES,Espring,"[-0.0, 32.82]"
B01LXDUAVI,ES,Espring,"[0.0, 19.990000000000002]"
B01LXDUAVI,FR,Espring,"[-0.807692307692308, 20.79769230769231]"
B01LXDUAVI,IT,Espring,"[0.0, 19.990000000000002]"
B01M15S063,DE,Espring,"[-6.447057478676526e-32, 10.989999999999998]"
B01M15S063,ES,Espring,"[0.0, 10.871176470588235]"
B01M15S063,FR,Espring,"[-1.163, 14.877]"
B01M15S063,IT,Espring,"[0.3704773413897281, 11.193957703927492]"
B01M2Y5TFQ,DE,H&S,"[-0.012496945716515209, 22.770056119995903]"
B01M2Y5TFQ,ES,H&S,"[0.36006018916595, 25.815021496130697]"
B01M2Y5TFQ,FR,H&S,"[-1.1250000000000004, 30.24]"
B01M2Y5TFQ,IT,H&S,"[-0.10052834499500213, 26.145147793802657]"
B01M2Y5TFQ,UK,H&S,"[0.04531546536649025, 20.5036207873122]"
B01M2Y5TFQ,US,H&S,"[-0.014209081405934609, 20.56898341200712]"
B01M2Z0O2H,UK,H&S,"[-0.0018333604533058235, 9.77889218300646]"
B01M717W8W,ES,Espring,"[0.0, 8.59]"
B01M717W8W,FR,Espring,"[-0.48484848484848464, 7.596060606060604]"
B01M7RJXEE,DE,H&S,"[-0.3444272445820434, 23.816625386996908]"
B01M7RJXEE,ES,H&S,"[4.822943630388827e-31, 21.990000000000002]"
B01M7RJXEE,FR,H&S,"[-1.8315551242651752e-30, 25.390000000000008]"
B01M7RJXEE,IT,H&S,"[-1.506256171236113e-30, 29.990000000000002]"
B01M7RJXEE,UK,H&S,"[-0.031984864237824755, 16.58426857574262]"
B01M7RJXEE,US,H&S,"[-0.006026661585366097, 27.147503483902447]"
B01M8GI87J,ES,Espring,"[-0.11002227171492178, 9.943674832962136]"
B01M8GI87J,FR,Espring,"[-0.08604631927212571, 10.668249241797625]"
B01M8GI87J,IT,Espring,"[1.2857142857142858, 9.489999999999998]"
B01M8K6DZ2,DE,H&S,"[-0.0, 10.99]"
B01M8K6DZ2,ES,H&S,"[-1.927844901300758e-31, 11.489999999999998]"
B01M8K6DZ2,FR,H&S,"[0.0, 12.99]"
B01M8K6DZ2,IT,H&S,"[2.7757989800492307e-31, 12.489999999999998]"
B01M8K6DZ2,UK,H&S,"[-0.04345267860756679, 9.662276057459696]"
B01M8K6DZ2,US,H&S,"[-0.7039774367500005, 15.304571328749999]"
B01MA1M403,ES,Espring,"[0.0, 15.589999999999998]"
B01MA1M403,FR,Espring,"[1.2996842105263153, 23.17410526315789]"
B01MCT751U,DE,H&S,"[0.010568466938692745, 22.23269457890869]"
B01MCT751U,ES,H&S,"[0.01235849056603772, 23.969644839067705]"
B01MCT751U,FR,H&S,"[-1.7243942668841737e-31, 24.990000000000002]"
B01MCT751U,IT,H&S,"[-4.738270935240329e-32, 22.990000000000002]"
B01MCT751U,PL,H&S,"[-0.0650277558333334, 13.740641550833336]"
B01MCT751U,UK,H&S,"[0.002170024078804163, 17.19321722081289]"
B01MCT751U,US,H&S,"[0.006073383878368141, 20.113170825533565]"
B01MCWLB30,ES,Espring,"[0.0, 12.99]"
B01MFI35BI,DE,Espring,"[0.007941376570532638, 10.073847395049018]"
B01MQIXA4C,IT,Espring,"[0.0, 20.990000000000002]"
B01MQWUQZH,DE,Espring,"[0.19100152516522623, 15.822791052364002]"
B01MQWUQZH,FR,Espring,"[2.687777777777777, 16.30222222222222]"
B01MQWUQZH,IT,Espring,"[0.0, 17.78142857142857]"
B01MRE01HV,DE,Espring,"[-0.40508628519527706, 20.430508628519526]"
B01MRITT0F,US,H&S,"[-0.1046435098112588, 19.02877145386181]"
B01MRVUOAB,DE,H&S,"[-0.05764571962289484, 13.455208254283296]"
B01MRVUOAB,ES,H&S,"[-0.07326203208556131, 16.143475935828878]"
B01MRVUOAB,FR,H&S,"[0.41412151067323455, 20.59065681444992]"
B01MRVUOAB,IT,H&S,"[1.5799999999999992, 18.25]"
B01MRVUOAB,UK,H&S,"[0.0021129416815281418, 13.570078589447817]"
B01MRVUOAB,US,H&S,"[-0.167755652476755, 12.231744155884783]"
B01MSMAO37,DE,Espring,"[-0.13695575636662366, 26.972044360990484]"
B01MSMAO37,ES,Espring,"[-0.2835897435897433, 30.709487179487176]"
B01MSMAO37,FR,Espring,"[-0.02665148904750176, 34.50155919271475]"
B01MSMAO37,IT,Espring,"[-0.028121029224904524, 32.256148348157566]"
B01MSQQLCE,ES,Espring,"[0.0, 6.253333333333332]"
B01MSQQLCE,FR,Espring,"[-1.4925714285714289, 8.834]"
B01MSWBUX5,DE,H&S,"[0.014705882352941154, 5.619411764705885]"
B01MSWBUX5,ES,H&S,"[0.009494929409425331, 6.0651739908530535]"
B01MSWBUX5,FR,H&S,"[0.0, 6.990000000000001]"
B01MSWBUX5,IT,H&S,"[-0.050632911392405, 7.065949367088609]"
B01MSWBUX5,UK,H&S,"[-0.0017909108829849587, 4.6356581678146105]"
B01MSWBUX5,US,H&S,"[-0.10712729402261954, 4.949922635322707]"
B01MSWD3MC,DE,H&S,"[-0.0, 11.99]"
B01MSWD3MC,FR,H&S,"[0.0, 13.49]"
B01MSWD3MC,IT,H&S,"[0.0, 12.99]"
B01MSWD3MC,UK,H&S,"[0.00806011438812184, 10.35619642885022]"
B01MSWD3MC,US,H&S,"[-0.20522113154483806, 8.894965792106367]"
B01MUSUMUS,DE,Espring,"[-0.10995344712923966, 10.988448237641322]"
B01MUSUMUS,ES,Espring,"[-1.2465007776049766, 13.171959564541213]"
B01MUSUMUS,FR,Espring,"[-0.0666350967392775, 13.572668109863349]"
B01MUSUMUS,IT,Espring,"[0.06444275966641468, 13.096899166034873]"
B01MXVFWJM,DE,H&S,"[-0.011303418186020969, 9.714207576064029]"
B01MXVFWJM,ES,H&S,"[0.0, 20.09]"
B01MXVFWJM,FR,H&S,"[4.434773534170633e-31, 19.990000000000002]"
B01MXVFWJM,IT,H&S,"[0.0, 21.19000000000001]"
B01MXVFWJM,UK,H&S,"[-0.0006850295283390332, 10.429951030823057]"
B01MXVFWJM,US,H&S,"[0.05068041392146596, 7.614769989539921]"
B01MY6R11P,DE,H&S,"[-0.20000000000000007, 6.39]"
B01MY6R11P,ES,H&S,"[-0.615, 7.945]"
B01MY6R11P,FR,H&S,"[-0.6018102029621504, 7.173324190894132]"
B01MY6R11P,IT,H&S,"[0.022608695652174004, 6.975217391304345]"
B01MY6R11P,UK,H&S,"[-0.035413017764304555, 5.222605212980889]"
B01MY6R11P,US,H&S,"[-0.00914829744503582, 5.410431160499783]"
B01N0M6HK5,IT,Espring,"[0.0, 6.695]"
B01N1F59Q4,DE,Espring,"[-0.32905138339920964, 21.283478260869565]"
B01N1F59Q4,IT,Espring,"[0.08909710391822839, 22.004991482112437]"
B01N3SL15M,DE,Espring,"[0.375, 15.615]"
B01N3SL15M,IT,Espring,"[0.042382928275044446, 19.86551867219917]"
B01N3UZDFH,DE,H&S,"[-0.016494845360824746, 20.124020618556703]"
B01N3UZDFH,US,H&S,"[-0.0501552066891647, 18.167220798038635]"
B01N5EAVIA,DE,Tritart,"[-0.009766267968835736, 7.833059365741249]"
B01N5EAVIA,ES,Tritart,"[8.104775350898647e-31, 8.490000000000002]"
B01N5EAVIA,FR,Tritart,"[-0.09090314136125655, 9.269188481675394]"
B01N5EAVIA,IT,Tritart,"[0.0, 8.670000000000002]"
B01N6RJ6VB,UK,H&S,"[0.005489301415197163, 11.431994498369285]"
B01N6RJ6VB,US,H&S,"[-0.0130792581344246, 7.604381924658623]"
B01N7RK458,IT,Espring,"[-1.0711528564381686e-31, 9.490000000000002]"
B01N8XWTUI,DE,H&S,"[-0.2191041554236372, 6.897447382622775]"
B01N8XWTUI,ES,H&S,"[0.0, 8.09]"
B01N8XWTUI,FR,H&S,"[0.5042016806722686, 11.342941176470589]"
B01N8XWTUI,IT,H&S,"[0.0, 15.19]"
B01N8XWTUI,UK,H&S,"[-0.012841276781410733, 6.721806555477861]"
B01N8XWTUI,US,H&S,"[-0.01465205142443107, 6.406121436834472]"
B01N9806LZ,DE,Espring,"[-0.24760340848570922, 13.278043671223147]"
B01NAHVSFS,DE,H&S,"[0.0, 7.4899999999999975]"
B01NAHVSFS,IT,H&S,"[2.059845858839455e-31, 9.489999999999998]"
B01NAHVSFS,UK,H&S,"[-0.0002067289660075126, 4.0531709932863205]"
B01NAHVSFS,US,H&S,"[-0.021827656916666584, 6.4135131772500005]"
B01NATTRD3,DE,H&S,"[-0.05913539967373574, 11.479529193064986]"
B01NATTRD3,ES,H&S,"[1.2857142857142847, 15.370952380952382]"
B01NATTRD3,FR,H&S,"[1.0681227149885647e-30, 17.990000000000002]"
B01NATTRD3,IT,H&S,"[-1.4999999999999996, 17.49]"
B01NATTRD3,PL,H&S,"[0.00860722388888913, 7.755563955222223]"
B01NATTRD3,UK,H&S,"[-0.006886219178625398, 11.083435167137571]"
B01NATTRD3,US,H&S,"[-0.0012629171058171967, 9.125763886408034]"
B01NBTJL36,DE,H&S,"[0.018413395029337393, 8.553373562944234]"
B01NBTJL36,ES,H&S,"[-0.028964518464880507, 11.233301955104997]"
B01NBTJL36,FR,H&S,"[-0.5416666666666662, 16.656666666666666]"
B01NBTJL36,IT,H&S,"[0.032786885245901655, 11.793278688524591]"
B01NBTJL36,UK,H&S,"[-0.011886544438287855, 11.192787327662995]"
B01NBTJL36,US,H&S,"[0.0360262864285712, 9.566110503314286]"
B01NCB0U5K,DE,Espring,"[-0.06796996374935266, 9.662837907819783]"
B06W2GK4N9,UK,H&S,"[-0.024062942953473287, 5.588895699157862]"
B06W2GK4N9,US,H&S,"[0.0024649612213487907, 6.1807646747741]"
B06WD53P6D,DE,H&S,"[0.0, 9.99]"
B06WD53P6D,ES,H&S,"[-0.0, 8.99]"
B06WD53P6D,FR,H&S,"[-0.0, 9.489999999999998]"
B06WD53P6D,IT,H&S,"[-0.0, 10.489999999999998]"
B06WD53P6D,UK,H&S,"[0.013957279396854835, 7.26053589602117]"
B06WD53P6D,US,H&S,"[-0.030360067217391293, 6.498549197626088]"
B06X6G3FP1,DE,Espring,"[-0.24578904333605867, 16.800793131643502]"
B06X6G3FP1,FR,Espring,"[-0.5085043988269796, 23.679149560117303]"
B06X6G3FP1,IT,Espring,"[-1.089743589743589, 22.802179487179483]"
B06XRLHD1L,DE,Espring,"[0.0, 7.723333333333331]"
B06XRQ33CC,DE,H&S,"[-0.03403511691769991, 5.346162103686446]"
B06XRQ33CC,FR,H&S,"[-0.357142857142857, 10.847142857142856]"
B06XRQ33CC,IT,H&S,"[2.4722236964001037e-31, 12.990000000000002]"
B06XRQ33CC,UK,H&S,"[-0.0019554119138281835, 5.8012810778000485]"
B06XRQ33CC,US,H&S,"[-0.18585497415149818, 6.533139501892343]"
B06XS97SKH,DE,H&S,"[0.2887745839636916, 11.161376701966715]"
B06XS97SKH,ES,H&S,"[0.37058823529411766, 12.542941176470586]"
B06XS97SKH,FR,H&S,"[0.07296416938110749, 15.588697068403906]"
B06XS97SKH,IT,H&S,"[-0.32142857142857145, 14.41857142857143]"
B06XS97SKH,UK,H&S,"[-0.010903506141218147, 10.573975526947137]"
B06XS97SKH,US,H&S,"[0.0547400876083543, 6.79756542436652]"
B06XVJL3NP,DE,H&S,"[-0.09615384615384612, 17.778461538461535]"
B06XVJL3NP,FR,H&S,"[-0.9999999999999997, 23.49]"
B06XVJL3NP,IT,H&S,"[-1.0, 20.990000000000002]"
B06XVJL3NP,UK,H&S,"[-0.0028790623457719063, 10.574582686661426]"
B06XVJL3NP,US,H&S,"[-0.37527588042999654, 10.226235854161065]"
B06XXCX7TD,DE,Espring,"[0.026621884391019986, 11.490601025278414]"
B06XXCX7TD,ES,Espring,"[-0.2336554860716317, 14.999778283115406]"
B06XXCX7TD,FR,Espring,"[-0.4270920502092047, 16.37849372384937]"
B06XXCX7TD,IT,Espring,"[0.10948275862068957, 15.17448275862069]"
B06XY55WTJ,UK,H&S,"[-0.010651949553826373, 16.25356949557241]"
B06XY55WTJ,US,H&S,"[-0.2274971522286848, 14.83977151600396]"
B06Y2MZH39,DE,H&S,"[-0.217602265868041, 19.122608998467754]"
B06Y2MZH39,ES,H&S,"[0.08404669260700412, 17.321517509727627]"
B06Y2MZH39,FR,H&S,"[-1.7000000000000002, 22.09]"
B06Y2MZH39,IT,H&S,"[0.0, 20.99]"
B06Y2MZH39,UK,H&S,"[-0.09741024826983899, 17.82745324466366]"
B06Y2MZH39,US,H&S,"[-0.01036116074074038, 16.49348182703704]"
B06Y4JMTWV,DE,H&S,"[0.029042224510813595, 7.518321318228631]"
B06Y4JMTWV,FR,H&S,"[-0.1490545050055617, 8.638498331479422]"
B06Y4JMTWV,IT,H&S,"[-2.9251745259144916e-31, 9.490000000000002]"
B06Y4JMTWV,UK,H&S,"[-0.04488636115123134, 8.097753665093817]"
B06Y4ND43F,DE,H&S,"[-0.0, 7.19]"
B06Y4ND43F,FR,H&S,"[1.039415507316921e-30, 15.490000000000004]"
B06Y4ND43F,UK,H&S,"[-0.023778134876618163, 5.156543890526146]"
B06Y4ND43F,US,H&S,"[-0.017988118105011924, 6.39711853820525]"
B06Y4ND4LX,DE,H&S,"[-0.054753136149154114, 8.927679825066175]"
B06Y4ND4LX,ES,H&S,"[-1.0104273571237535e-31, 10.490000000000002]"
B06Y4ND4LX,FR,H&S,"[-3.039290756586992e-31, 12.490000000000002]"
B06Y4ND4LX,IT,H&S,"[-1.670089840319544e-31, 10.990000000000002]"
B06Y4ND4LX,UK,H&S,"[0.004435517899729481, 9.200333158368304]"
B06Y4ND4LX,US,H&S,"[0.36067904851851906, 12.095461301481485]"
B06Y4S6ZCP,DE,H&S,"[0.05882352941176469, 15.328823529411762]"
B06Y4S6ZCP,ES,H&S,"[-0.051058014824630384, 17.01571949149033]"
B06Y4S6ZCP,FR,H&S,"[0.0191191927685516, 19.527334454488127]"
B06Y4S6ZCP,IT,H&S,"[-1.4371794871794863, 18.84384615384615]"
B06Y4S6ZCP,UK,H&S,"[0.0026978888155922034, 12.563374459845715]"
B06Y4S6ZCP,US,H&S,"[0.1741816130778817, 7.91682729476363]"
B06Y4XSC22,UK,H&S,"[-0.004601830265850795, 6.178235487937867]"
B06Y51KHKW,DE,H&S,"[-0.024160732451678556, 9.235676500508648]"
B06Y51KHKW,FR,H&S,"[0.0, 13.99]"
B06Y51KHKW,IT,H&S,"[-1.0, 12.49]"
B06Y51KHKW,UK,H&S,"[-0.000346725950075191, 6.942828371710078]"
B06Y51KHKW,US,H&S,"[0.0570556326226416, 7.255859085339623]"
B06Y6F2W4Z,DE,H&S,"[0.03846153846153844, 7.383406593406592]"
B06Y6F2W4Z,ES,H&S,"[0.022776572668112862, 8.73295010845987]"
B06Y6F2W4Z,FR,H&S,"[0.0, 10.49]"
B06Y6F2W4Z,UK,H&S,"[0.0074425960214619296, 5.381171848981812]"
B0711HDC9L,DE,Espring,"[0.0855496453900709, 15.617216312056739]"
B0711HDC9L,ES,Espring,"[0.07055961070559615, 17.756423357664232]"
B0711HDC9L,FR,Espring,"[0.030719719133996487, 19.186021064950268]"
B0711HDC9L,IT,Espring,"[0.10388665020148198, 19.386984271415578]"
B071KX221S,DE,H&S,"[0.0051154495963957125, 9.346485826919467]"
B071KX221S,ES,H&S,"[-5.182895148964013e-32, 12.989999999999998]"
B071KX221S,FR,H&S,"[-0.0, 12.99]"
B071KX221S,IT,H&S,"[-4.17478692328827e-31, 12.990000000000002]"
B071KX221S,UK,H&S,"[-0.052501875243869144, 11.503886927777595]"
B071KX221S,US,H&S,"[-0.011852418889310592, 9.799706623661608]"
B071LHTNJP,DE,Espring,"[-0.022139924321713255, 21.21852427340794]"
B071LHTNJP,ES,Espring,"[0.47753320683111933, 20.947457305502848]"
B071LHTNJP,FR,Espring,"[0.0026877682403433014, 22.734763948497857]"
B071LHTNJP,IT,Espring,"[0.01868175765645811, 22.68805592543276]"
B071LHTNJP,UK,Espring,"[-0.2919063857549961, 22.221904857335307]"
B071LHTNJP,US,Espring,"[0.1990437558187498, 15.0880603118]"
B071LJBPNT,DE,H&S,"[4.625360618015408e-32, 14.989999999999998]"
B071LJBPNT,ES,H&S,"[0.0, 24.21538461538461]"
B071LJBPNT,FR,H&S,"[0.034103696814694245, 27.12511276447338]"
B071LJBPNT,IT,H&S,"[0.0, 29.29]"
B071LJBPNT,UK,H&S,"[-0.004852942223712832, 14.381923866325339]"
B071LJBPNT,US,H&S,"[-1.1144314836923075, 12.293428206000002]"
B071W1B6L3,DE,Espring,"[-0.2030640668523677, 10.0858217270195]"
B071W1B6L3,ES,Espring,"[0.14675438596491264, 10.89982456140351]"
B071W1B6L3,FR,Espring,"[0.3245149253731346, 9.82858208955224]"
B071W1B6L3,IT,Espring,"[-0.025635451505016765, 10.839933110367891]"
B071W1B6L3,US,Espring,"[0.118179416076923, 9.905222732423077]"
B071WJFD25,DE,H&S,"[0.4163461538461537, 11.315000000000005]"
B071WJFD25,ES,H&S,"[-0.7555555555555556, 16.50111111111111]"
B071WJFD25,IT,H&S,"[0.0, 16.563684210526322]"
B071WJFD25,UK,H&S,"[-0.032052183772927595, 11.840992720027241]"
B071WJFD25,US,H&S,"[-1.0213169259444441, 10.967018282944442]"
B071XNQZJ7,DE,H&S,"[-0.10385908909536562, 17.54144502080602]"
B071XNQZJ7,ES,H&S,"[-0.06768231768231771, 18.895344655344655]"
B071XNQZJ7,FR,H&S,"[-0.33179949089485034, 22.523777168592133]"
B071XNQZJ7,IT,H&S,"[-0.2691466083150985, 21.277746170678334]"
B071XNQZJ7,UK,H&S,"[-0.06507005063936128, 18.841577086502117]"
B071XNQZJ7,US,H&S,"[-0.11150894880136494, 16.827202222373383]"
B071YVMZV4,DE,Espring,"[-0.06985865462887589, 10.768065566491526]"
B071YVMZV4,ES,Espring,"[-0.5488440860215057, 12.580940860215055]"
B071YVMZV4,FR,Espring,"[0.0, 14.273333333333333]"
B0721JH8PH,DE,H&S,"[-0.04335699797160249, 4.354350912778907]"
B0721JH8PH,ES,H&S,"[-0.8999999999999994, 6.89]"
B0721JH8PH,FR,H&S,"[-0.024137931034482744, 7.108965517241379]"
B0721JH8PH,IT,H&S,"[0.12666666666666657, 7.984814814814814]"
B0721JH8PH,UK,H&S,"[-0.024611742376566572, 6.090975866390995]"
B0721JH8PH,US,H&S,"[0.027114743333333188, 6.584736349333334]"
B0727Q3H5D,DE,Espring,"[-0.1907090464547676, 29.79317848410758]"
B0727Q3H5D,ES,Espring,"[0.021527498996387, 30.56441790445603]"
B0727Q3H5D,FR,Espring,"[-0.42374999999999996, 37.2475]"
B0727Q3H5D,IT,Espring,"[-0.20120872641509444, 35.37679245283017]"
B072BBQ3M5,DE,H&S,"[0.004716383894656868, 20.61095467206888]"
B072BBQ3M5,ES,H&S,"[-9.84179464774121e-32, 19.490000000000002]"
B072BBQ3M5,FR,H&S,"[0.03316779533483819, 23.41908954100828]"
B072BBQ3M5,IT,H&S,"[4.442016642993685e-31, 21.990000000000002]"
B072BBQ3M5,PL,H&S,"[-0.059201099619047175, 11.515258736285714]"
B072BBQ3M5,UK,H&S,"[-0.0012978530700972907, 15.087799608885176]"
B072BBQ3M5,US,H&S,"[-0.019627388934398547, 19.082747177597884]"
B072HKHJJS,DE,Tritart,"[-0.002804717331801448, 10.592169431960258]"
B072HKHJJS,ES,Tritart,"[0.027982899339292662, 11.609510299261563]"
B072HKHJJS,FR,Tritart,"[-0.25964912280701724, 13.039122807017543]"
B072HKHJJS,IT,Tritart,"[-1.2456520092389565e-31, 11.989999999999998]"
B072HKHJJS,US,Tritart,"[-0.18235462930630625, 8.706944865166665]"
B072JVLVPM,DE,H&S,"[-0.12068965517241374, 4.390862068965517]"
B072JVLVPM,ES,H&S,"[2.0833333333333326, 11.406666666666668]"
B072JVLVPM,IT,H&S,"[0.0, 11.99]"
B072JVLVPM,UK,H&S,"[-0.00045010872869931785, 4.976846189268236]"
B072JVLVPM,US,H&S,"[-0.009324415781738647, 5.867982496393615]"
B072LXQPCH,DE,H&S,"[0.046406052963430075, 6.494665825977304]"
B072LXQPCH,ES,H&S,"[-0.34972677595628415, 7.806393442622951]"
B072LXQPCH,FR,H&S,"[0.060412573673870346, 9.427131630648333]"
B072LXQPCH,IT,H&S,"[-0.666666666666667, 11.456666666666669]"
B072LXQPCH,UK,H&S,"[-0.00764438020579002, 5.623257793262903]"
B072LXQPCH,US,H&S,"[-0.009738943500000092, 5.5317805325]"
B072P2MH3T,DE,Tritart,"[-0.17531150391190956, 19.54056505360765]"
B072P2MH3T,ES,Tritart,"[-0.0, 19.8025]"
B072P2MH3T,FR,Tritart,"[0.20501138952164014, 21.183621867881552]"
B072P2MH3T,IT,Tritart,"[-0.008295313148071274, 20.611318954790544]"
B072Q35687,DE,H&S,"[0.05166666666666657, 8.17]"
B072Q35687,UK,H&S,"[-0.04772704339528414, 6.891112717307042]"
B072Q35687,US,H&S,"[-0.4997468760445735, 6.732260864612403]"
B0739F745J,UK,H&S,"[-0.024866908839816442, 4.748413792412704]"
B0739F745J,US,H&S,"[0.0, 6.218408875333334]"
B073D5CMT8,DE,Tritart,"[-0.05537346221441126, 5.300782073813709]"
B073D5CMT8,ES,Tritart,"[0.0, 7.515000000000001]"
B073D5CMT8,FR,Tritart,"[0.0, 9.24]"
B073TRQQQT,DE,H&S,"[0.0, 7.389999999999999]"
B073TRQQQT,ES,H&S,"[-0.0, 9.99]"
B073TRQQQT,FR,H&S,"[-0.0, 9.99]"
B073TRQQQT,UK,H&S,"[-0.0020079096527314028, 6.956257623268891]"
B073TRQQQT,US,H&S,"[-0.023126775339487805, 7.098409666875516]"
B073WBT4V7,DE,Tritart,"[-0.008048289738430582, 9.994024144869215]"
B073WBT4V7,ES,Tritart,"[-4.219354936292654e-31, 10.989999999999998]"
B073WBT4V7,FR,Tritart,"[1.2644392639391384e-31, 11.989999999999998]"
B073WBT4V7,IT,Tritart,"[1.9231598945306895e-31, 11.989999999999998]"
B073WNN94R,DE,Tritart,"[-0.01961891296485057, 39.93686745799493]"
B073WNN94R,ES,Tritart,"[1.0499999999999998, 40.77241379310345]"
B073WNN94R,FR,Tritart,"[-0.36621304551853573, 44.40820741435946]"
B073WNN94R,IT,Tritart,"[1.5195281306715063, 42.3905444646098]"
B073WNN94R,UK,Tritart,"[-1.3092216218918191, 48.1133731459015]"
B073WNN94R,US,Tritart,"[0.0, 36.19004525]"
B073XSJMK5,DE,Tritart,"[-0.5157331655129012, 19.883958464443047]"
B073XSJMK5,ES,Tritart,"[-0.0847389380530973, 21.669342182890848]"
B073XSJMK5,FR,Tritart,"[-0.5672596153846163, 21.996105769230773]"
B073XSJMK5,IT,Tritart,"[-0.024115226337448403, 21.033950617283956]"
B073ZMSSND,DE,Tritart,"[0.018074591328357884, 14.23226995338042]"
B073ZMSSND,ES,Tritart,"[0.03779036827195468, 15.356090651558072]"
B073ZMSSND,FR,Tritart,"[-0.1368519637462235, 16.35653776435045]"
B073ZMSSND,IT,Tritart,"[0.0, 15.99]"
B073ZMSSND,PL,Tritart,"[-0.07703735449999982, 9.6318092305]"
B073ZMSSND,UK,Tritart,"[0.029564481149948873, 14.440890992910658]"
B073ZN6SH9,DE,Tritart,"[-0.07910834656461793, 21.12225390464582]"
B073ZN6SH9,ES,Tritart,"[6.842953319612726e-31, 21.990000000000006]"
B073ZN6SH9,FR,Tritart,"[-7.791266590617577e-31, 21.990000000000006]"
B073ZN6SH9,IT,Tritart,"[-0.038461538461538464, 21.465524475524475]"
B073ZN6SH9,UK,Tritart,"[-0.04188131941391628, 24.1047778833329]"
B073ZN6SH9,US,Tritart,"[-0.0031526730211937962, 20.15726935143166]"
B073ZQFKV4,DE,H&S,"[0.07686335403726707, 11.242329192546583]"
B073ZQFKV4,FR,H&S,"[-0.18681318681318693, 8.121868131868133]"
B073ZQFKV4,IT,H&S,"[0.0, 12.49]"
B073ZQFKV4,UK,H&S,"[-0.0010440424376175613, 6.951099011418185]"
B073ZQFKV4,US,H&S,"[-0.0027001728190403883, 5.751527352064706]"
B074LTCT6C,DE,Tritart,"[-0.035862849723952685, 10.253642883686945]"
B074LTCT6C,ES,Tritart,"[0.0, 9.99]"
B074LTCT6C,FR,Tritart,"[0.0, 9.99]"
B074LTCT6C,IT,Tritart,"[-0.0, 9.99]"
B074LTCT6C,UK,Tritart,"[-0.10208054586611935, 7.1045315665923585]"
B074LTCT6C,US,Tritart,"[-0.05998446678971409, 5.8735632257371035]"
B074SXX9J9,DE,Tritart,"[-0.017993464506709345, 11.591195856219144]"
B074SXX9J9,ES,Tritart,"[0.0, 13.490000000000002]"
B074SXX9J9,FR,Tritart,"[0.0, 14.59]"
B074SXX9J9,IT,Tritart,"[0.0, 13.489999999999998]"
B074SXX9J9,PL,Tritart,"[-0.024917119333333446, 7.438605212333334]"
B074VWN2SN,DE,H&S,"[0.056910569105691144, 4.079430894308944]"
B074VWN2SN,ES,H&S,"[0.2000000000000001, 6.510000000000001]"
B074VWN2SN,FR,H&S,"[-4.0467710578152835e-31, 7.289999999999999]"
B074VWN2SN,IT,H&S,"[0.0, 8.49]"
B074VWN2SN,PL,H&S,"[-0.04615005978571418, 2.791406955571428]"
B074VWN2SN,UK,H&S,"[-0.006143100184904502, 3.8686272270207276]"
B074VWN2SN,US,H&S,"[-0.08824188766666663, 4.8259565552]"
B0788Z6RBV,DE,H&S,"[-0.034948750066157386, 4.85734294232839]"
B0788Z6RBV,ES,H&S,"[-0.02698412698412697, 5.425522714833061]"
B0788Z6RBV,FR,H&S,"[-0.07193296795952783, 5.883707841483981]"
B0788Z6RBV,IT,H&S,"[-0.024664279319606096, 6.1949239033124455]"
B0788Z6RBV,PL,H&S,"[0.0, 3.563532799875]"
B0788Z6RBV,UK,H&S,"[-0.0023703213398417237, 4.654749351417487]"
B0788Z6RBV,US,H&S,"[-0.10292671736067324, 6.267464457477028]"
B078PY739S,DE,H&S,"[-0.16396484375000003, 14.318710937499997]"
B078PY739S,ES,H&S,"[0.027782162588792444, 15.114940805051303]"
B078PY739S,FR,H&S,"[-0.33249496981891324, 20.58446680080483]"
B078PY739S,IT,H&S,"[-0.35761589403973465, 17.93039735099338]"
B078PY739S,UK,H&S,"[-0.017092785430492405, 12.35652805729522]"
B078PYYXBH,DE,H&S,"[0.3166666666666665, 7.606666666666667]"
B078PYYXBH,ES,H&S,"[0.4500000000000002, 10.990000000000002]"
B078PYYXBH,FR,H&S,"[0.1696428571428571, 12.275714285714288]"
B078PYYXBH,IT,H&S,"[0.02051282051282053, 9.072051282051282]"
B078PYYXBH,UK,H&S,"[0.0014449481731873895, 6.928794429681851]"
B078X394PF,UK,H&S,"[-0.03601061798575507, 6.69691784090061]"
B078X394PF,US,H&S,"[-3.196294837222223, 10.427064068222222]"
B078X4KLL3,UK,H&S,"[0.0006909668460266298, 5.779449513979483]"
B078X4KLL3,US,H&S,"[-0.03833627129032257, 5.575206002483871]"
B078X5N2K1,DE,H&S,"[-0.02813923581595062, 15.525582728481439]"
B078X5N2K1,ES,H&S,"[-0.10880686289941763, 17.418970565087363]"
B078X5N2K1,FR,H&S,"[-0.037214443625644786, 15.952048636698597]"
B078X5N2K1,IT,H&S,"[-0.09436008676789585, 14.755726681127983]"
B078X5N2K1,PL,H&S,"[0.013799690405913985, 8.345955281403224]"
B078X5N2K1,UK,H&S,"[-0.01529042776357394, 10.503148966842021]"
B078X5N2K1,US,H&S,"[-0.09556415100456403, 13.194921251279562]"
B0791GDKBP,DE,H&S,"[0.0, 8.49]"
B0791GDKBP,ES,H&S,"[-0.02346010748243078, 11.635928069450184]"
B0791GDKBP,FR,H&S,"[-1.2284874537252148e-31, 13.989999999999998]"
B0791GDKBP,IT,H&S,"[-0.0, 13.19]"
B0791GDKBP,UK,H&S,"[-0.01223890765065858, 9.43037255068779]"
B0791GDKBP,US,H&S,"[0.059150741927345984, 7.766507315783792]"
B07BMZGV4Z,UK,H&S,"[-0.01196437935940813, 6.08256880221249]"
B07BMZGV4Z,US,H&S,"[-1.841257379617979, 9.43042487973034]"
B07CG63DK7,DE,H&S,"[0.26666666666666666, 7.456666666666667]"
B07CG63DK7,FR,H&S,"[0.08476027397260275, 9.170650684931507]"
B07CG63DK7,UK,H&S,"[-0.001387086942201474, 6.9466851825518745]"
B07CG63DK7,US,H&S,"[0.029657663666666785, 8.233209983333333]"
B07CHDHCMR,DE,H&S,"[0.3538043478260869, 14.098695652173916]"
B07CHDHCMR,ES,H&S,"[1.232616144572502e-30, 17.090000000000003]"
B07CHDHCMR,FR,H&S,"[4.0467710578152835e-31, 17.990000000000002]"
B07CHDHCMR,IT,H&S,"[0.0, 17.589999999999993]"
B07CHDHCMR,UK,H&S,"[0.06015768436197095, 12.912357688079595]"
B07CHDHCMR,US,H&S,"[0.0, 16.933487493333335]"
B07CKHXWR9,DE,H&S,"[-0.733458646616542, 6.997142857142856]"
B07CKHXWR9,ES,H&S,"[0.06265822784810135, 10.258987341772153]"
B07CKHXWR9,FR,H&S,"[-1.3103658536585368, 9.606463414634145]"
B07CKHXWR9,IT,H&S,"[0.0, 11.99]"
B07CKHXWR9,UK,H&S,"[-0.011931017982987891, 9.305952836551812]"
B07CKHXWR9,US,H&S,"[0.03163044239999983, 7.3121195576]"
B07CNDR86T,DE,H&S,"[-0.0, 8.49]"
B07CNDR86T,UK,H&S,"[-0.0027750493244877777, 6.951926740468975]"
B07CNDR86T,US,H&S,"[9.813077866773593e-18, 8.324791852333332]"
B07CPD18VZ,DE,H&S,"[0.0698016164584865, 7.2868405584129325]"
B07CPD18VZ,ES,H&S,"[0.0, 8.490000000000002]"
B07CPD18VZ,FR,H&S,"[-3.525813023693015e-32, 8.990000000000002]"
B07CPD18VZ,IT,H&S,"[0.009146341463414552, 9.355853658536587]"
B07CPD18VZ,UK,H&S,"[-0.02062570216533435, 9.336268167998504]"
B07CZMTRJ8,DE,Tritart,"[0.05448201825013418, 27.002077294685993]"
B07CZMTRJ8,ES,Tritart,"[0.896995073891627, 27.425862068965515]"
B07CZMTRJ8,FR,Tritart,"[0.4238095238095242, 27.45666666666667]"
B07CZMTRJ8,IT,Tritart,"[0.06000000000000086, 29.130000000000006]"
B07D25PJS4,DE,H&S,"[-0.03007380073800741, 4.872656826568265]"
B07D25PJS4,ES,H&S,"[8.894162490841341e-32, 6.489999999999999]"
B07D25PJS4,FR,H&S,"[-3.0125123424722257e-31, 6.490000000000001]"
B07D25PJS4,IT,H&S,"[0.0, 7.49]"
B07D25PJS4,UK,H&S,"[-0.04785577383851921, 4.357076714888468]"
B07D26LYLH,UK,H&S,"[-0.07540222465424946, 7.606073355225599]"
B07D26LYLH,US,H&S,"[0.4306742786242427, 9.200264618909088]"
B07D3RXR76,DE,Tritart,"[-0.5014556040756913, 26.128573508005818]"
B07D3RXR76,ES,Tritart,"[0.5954166666666665, 25.36125]"
B07D3RXR76,FR,Tritart,"[-0.22000000000000008, 26.427500000000002]"
B07D3RXR76,IT,Tritart,"[-0.970833333333333, 26.665462962962962]"
B07D72GCWP,DE,H&S,"[-0.1409968421395318, 5.926614903799201]"
B07D72GCWP,ES,H&S,"[-0.0, 5.79]"
B07D72GCWP,FR,H&S,"[-0.23333333333333303, 8.19]"
B07D72GCWP,IT,H&S,"[-0.18518518518518515, 7.775185185185186]"
B07D72GCWP,UK,H&S,"[-0.01054252337000003, 5.795287881007779]"
B07D72GCWP,US,H&S,"[0.0826596883223845, 5.104940911817516]"
B07DGKQ896,DE,Tritart,"[-0.008774659281847029, 10.2516839878026]"
B07DGKQ896,ES,Tritart,"[-0.19402234636871507, 10.684469273743018]"
B07DGKQ896,FR,Tritart,"[-0.3683387161889384, 12.865385547032698]"
B07DGKQ896,IT,Tritart,"[0.044148936170212746, 11.809893617021276]"
B07DJQ81QT,DE,Tritart,"[-0.04237612397168547, 18.42858810024871]"
B07DJQ81QT,FR,Tritart,"[-1.1616, 17.345200000000002]"
B07DJQ81QT,PL,Tritart,"[0.0853364200000002, 16.046802440000004]"
B07DK6L9N7,ES,H&S,"[0.0, 8.99]"
B07DK6L9N7,IT,H&S,"[0.0, 9.49]"
B07DLMXHM1,UK,H&S,"[-0.051319442740590686, 8.194798281852773]"
B07DPRTTQ9,DE,H&S,"[0.741931216931217, 6.690396825396826]"
B07DPRTTQ9,ES,H&S,"[0.0, 8.99]"
B07DPRTTQ9,FR,H&S,"[0.0, 7.940000000000001]"
B07DPRTTQ9,UK,H&S,"[-6.5976491273516866e-06, 5.783709537541419]"
B07DPRTTQ9,US,H&S,"[-0.05515635225064608, 7.746963838080104]"
B07DPTK7FG,DE,H&S,"[9.390105365906711e-32, 17.990000000000002]"
B07DPTK7FG,ES,H&S,"[-7.523103004506394e-32, 18.490000000000002]"
B07DPTK7FG,FR,H&S,"[8.863241229808944e-31, 22.990000000000006]"
B07DPTK7FG,IT,H&S,"[-6.183076499363297e-32, 21.990000000000002]"
B07DPTK7FG,UK,H&S,"[-0.012717922130744014, 16.568475915657597]"
B07DPTK7FG,US,H&S,"[0.15606568761105047, 16.1057387973173]"
B07DW2WX4N,DE,H&S,"[-0.11666666666666664, 7.356666666666667]"
B07DW2WX4N,ES,H&S,"[1.733263568993024e-31, 7.990000000000001]"
B07DW2WX4N,FR,H&S,"[-0.0, 9.49]"
B07DW2WX4N,IT,H&S,"[0.0, 4.78]"
B07DW2WX4N,UK,H&S,"[-0.0016257426989478522, 5.794251954502037]"
B07DW2WX4N,US,H&S,"[-0.3784644506904762, 4.796263942976191]"
B07DW4QJX7,DE,H&S,"[0.0039062499999999974, 6.435312499999999]"
B07DW4QJX7,ES,H&S,"[3.251448576643873e-31, 8.490000000000002]"
B07DW4QJX7,IT,H&S,"[-0.1762917933130699, 9.32130699088146]"
B07DW4QJX7,UK,H&S,"[-0.0028499071291748514, 5.821273997606484]"
B07DW4QJX7,US,H&S,"[-0.40824626404772757, 4.63371012450909]"
B07DW7R9V8,DE,H&S,"[1.745846869574339e-32, 8.990000000000002]"
B07DW7R9V8,ES,H&S,"[-0.0, 10.99]"
B07DW7R9V8,FR,H&S,"[0.0, 12.49]"
B07DW7R9V8,UK,H&S,"[-0.029443589466599432, 9.381799310531608]"
B07DW7R9V8,US,H&S,"[-0.004647317093911772, 7.928317996693424]"
B07DZ9L7KS,UK,H&S,"[-0.07535288782384049, 7.570442029577952]"
B07DZ9L7KS,US,H&S,"[0.0, 9.240610537666667]"
B07DZHXPL6,DE,H&S,"[-0.00027265192165074384, 8.06287440561881]"
B07DZHXPL6,ES,H&S,"[-0.0021704180064308666, 8.314090808293606]"
B07DZHXPL6,FR,H&S,"[-0.11479591836734694, 13.206326530612245]"
B07DZHXPL6,IT,H&S,"[0.0, 11.99]"
B07DZHXPL6,PL,H&S,"[0.12452955674655648, 6.057358219421489]"
B07DZHXPL6,UK,H&S,"[0.0007568382511712211, 7.857135592090979]"
B07F1WVSWR,UK,H&S,"[-0.0030385262226822704, 5.794617613965486]"
B07FMDHYCK,DE,H&S,"[2.1107139100993656e-31, 6.990000000000002]"
B07FMDHYCK,ES,H&S,"[-3.790013759742869e-32, 7.990000000000001]"
B07FMDHYCK,IT,H&S,"[2.0966064757790496e-31, 8.490000000000002]"
B07FMDHYCK,UK,H&S,"[-0.03758909300327166, 5.455850513128224]"
B07FQ4RB6V,UK,H&S,"[-0.03453048969196006, 5.459047334264675]"
B07FT9FHCR,DE,Espring,"[0.0, 20.323333333333334]"
B07FT9R697,DE,Espring,"[-0.048915551453622454, 20.2355006922012]"
B07FW3X7CQ,UK,H&S,"[-0.02225915994170969, 4.7291560277594415]"
B07FYK6FZ3,ES,Espring,"[0.41052631578947346, 9.30578947368421]"
B07FYK6FZ3,FR,Espring,"[-0.35546218487394965, 9.731176470588235]"
B07G57DPXZ,DE,H&S,"[-0.006103596172880228, 5.011197624546355]"
B07G57DPXZ,ES,H&S,"[-0.0, 6.490000000000001]"
B07G57DPXZ,IT,H&S,"[0.0, 8.59]"
B07G57DPXZ,UK,H&S,"[0.0025661701486033722, 5.769446157050996]"
B07G57DPXZ,US,H&S,"[0.028399036286462672, 5.834759325234307]"
B07GBK5SQL,DE,H&S,"[-0.1578177897089713, 18.18602870974626]"
B07GBK5SQL,ES,H&S,"[-0.22416879795396405, 17.533734015345267]"
B07GBK5SQL,FR,H&S,"[-0.15907736452930146, 18.836595298532174]"
B07GBK5SQL,IT,H&S,"[-0.12648482182138146, 18.4057501099868]"
B07GBK5SQL,UK,H&S,"[-0.029514300339478296, 15.861309863798251]"
B07GBK5SQL,US,H&S,"[-0.08524942638410263, 17.558640804982186]"
B07GKV4789,DE,H&S,"[-0.11731528482797511, 10.57620041361158]"
B07GKV4789,ES,H&S,"[-0.5327929255711128, 14.062218128224023]"
B07GKV4789,FR,H&S,"[0.0, 18.99]"
B07GKV4789,IT,H&S,"[-1.454545454545454, 15.444545454545455]"
B07GKV4789,PL,H&S,"[0.18131305546875004, 6.142670939718748]"
B07GKV4789,UK,H&S,"[-0.02613097781528173, 9.644064373889554]"
B07GKV4789,US,H&S,"[-0.30446787018675153, 8.579892358563999]"
B07GN1J9RV,DE,H&S,"[-4.289471179893563e-32, 6.990000000000001]"
B07GN1J9RV,IT,H&S,"[0.0, 8.990000000000002]"
B07GN1J9RV,UK,H&S,"[0.00712525280544295, 4.657632501427959]"
B07GN1J9RV,US,H&S,"[0.0, 9.988994874071428]"
B07GN3J56J,UK,H&S,"[-0.024420337069540415, 10.350799289189583]"
B07GPPQKCK,DE,Espring,"[-0.0, 14.99]"
B07GPPQKCK,FR,Espring,"[0.7311111111111114, 15.952222222222224]"
B07GPPQKCK,IT,Espring,"[-0.09802504365603311, 14.785070062609144]"
B07GTF236R,DE,H&S,"[0.3177799607072692, 7.672023575638505]"
B07GTF236R,ES,H&S,"[0.0, 11.49]"
B07GTF236R,FR,H&S,"[-0.012765957446808522, 11.962340425531911]"
B07GTF236R,IT,H&S,"[0.39999999999999986, 11.59]"
B07GTF236R,UK,H&S,"[-0.003943267809730308, 8.120247568997117]"
B07GTF236R,US,H&S,"[-0.17971874316490088, 5.753741706336516]"
B07GTRCT4Z,DE,H&S,"[-1.0001780382488265e-31, 5.990000000000001]"
B07GTRCT4Z,ES,H&S,"[0.0, 8.09]"
B07GTRCT4Z,FR,H&S,"[0.0, 8.99]"
B07GTRCT4Z,IT,H&S,"[0.0, 8.99]"
B07GTRCT4Z,UK,H&S,"[-0.0010660257523680296, 4.539059416937971]"
B07GTRCT4Z,US,H&S,"[-0.08393306142922921, 5.112037840911608]"
B07GZ818S1,DE,H&S,"[0.0, 10.49]"
B07GZ818S1,FR,H&S,"[0.0, 14.354999999999999]"
B07GZ818S1,UK,H&S,"[-0.018814183619381676, 11.376805046654072]"
B07GZ9GH8T,DE,H&S,"[-6.262787290754749e-32, 5.490000000000002]"
B07GZ9GH8T,ES,H&S,"[4.199032819662948e-31, 7.490000000000001]"
B07GZ9GH8T,FR,H&S,"[2.3615018697438863e-31, 7.490000000000002]"
B07GZ9GH8T,IT,H&S,"[4.303589060674609e-32, 9.990000000000002]"
B07GZ9GH8T,UK,H&S,"[-0.03965435974378499, 3.983376684911185]"
B07GZ9GH8T,US,H&S,"[-0.026234147725591603, 4.973854166518563]"
B07J5SM2HC,DE,H&S,"[-0.33434062108341467, 14.84052221139117]"
B07J5SM2HC,ES,H&S,"[1.0283333333333329, 23.961666666666666]"
B07J5SM2HC,FR,H&S,"[-0.6357653061224489, 19.676020408163264]"
B07J5SM2HC,UK,H&S,"[-0.011174627375018164, 12.17053260589117]"
B07J5SM2HC,US,H&S,"[0.13392625886691387, 11.91233579361077]"
B07JHGCQPR,DE,H&S,"[0.036180904522613036, 6.259346733668342]"
B07JHGCQPR,ES,H&S,"[0.0, 4.29]"
B07JHGCQPR,FR,H&S,"[-5.189820734064384e-32, 5.990000000000001]"
B07JHGCQPR,IT,H&S,"[2.4729303488931403e-32, 6.889999999999999]"
B07JHGCQPR,UK,H&S,"[-0.04727633302140528, 4.233292046528754]"
B07JHGCQPR,US,H&S,"[-0.1047827157580645, 4.068100826370967]"
B07JHNHW2K,DE,H&S,"[-0.00360038972506115, 6.475944017618822]"
B07JHNHW2K,ES,H&S,"[0.007314064152273534, 6.7483010222065545]"
B07JHNHW2K,FR,H&S,"[0.025949081048508578, 9.25087677011148]"
B07JHNHW2K,IT,H&S,"[-0.01527224435590973, 9.343652058432934]"
B07JHNHW2K,UK,H&S,"[-0.004608298019888657, 7.136473600366888]"
B07JHNHW2K,US,H&S,"[-0.041560993286959766, 5.934264198959262]"
B07JNHB73C,UK,H&S,"[-0.025873505577909014, 9.578361841709597]"
B07JWL5DHB,DE,H&S,"[-0.026530069185737103, 6.879821713677488]"
B07JWL5DHB,FR,H&S,"[0.2465189873417722, 10.880189873417722]"
B07JWL5DHB,IT,H&S,"[-0.2660142348754449, 10.637686832740213]"
B07JWL5DHB,UK,H&S,"[-0.009918174742095229, 5.497329195774545]"
B07JZD2S4S,DE,H&S,"[-0.10593220338983071, 6.167118644067796]"
B07JZD2S4S,ES,H&S,"[-0.2812500000000003, 6.458749999999999]"
B07JZD2S4S,FR,H&S,"[0.3416666666666668, 6.7233333333333345]"
B07JZD2S4S,IT,H&S,"[0.0, 7.723333333333333]"
B07JZD2S4S,UK,H&S,"[-0.0128633571077363, 5.775991947607056]"
B07JZD2S4S,US,H&S,"[0.0, 7.4089731663333325]"
B07KV8NYBN,DE,H&S,"[0.0, 4.68]"
B07KV8NYBN,ES,H&S,"[6.243485936822171e-32, 5.490000000000001]"
B07KV8NYBN,FR,H&S,"[6.538275835413272e-32, 6.289999999999999]"
B07KV8NYBN,IT,H&S,"[-1.0847214092706236e-31, 7.990000000000001]"
B07KV8NYBN,UK,H&S,"[-0.0026910798899284338, 4.647422514362069]"
B07KV8ZB91,DE,H&S,"[-0.00041602282182337367, 9.998201592773093]"
B07KV8ZB91,ES,H&S,"[1.238748939680903e-31, 11.989999999999998]"
B07KV8ZB91,FR,H&S,"[0.07788296041308089, 13.098003442340792]"
B07KV8ZB91,IT,H&S,"[0.06692913385826774, 11.580551181102361]"
B07KV8ZB91,UK,H&S,"[-0.0016031860417450752, 10.427903114867211]"
B07KV8ZB91,US,H&S,"[0.05474863188027491, 9.374961128671247]"
B07LB1FXB4,ES,Espring,"[-1.069672131147541, 11.535081967213115]"
B07LB1FXB4,FR,Espring,"[-0.6354037267080744, 12.407391304347826]"
B07M6PRNHG,DE,H&S,"[-0.07227414330218068, 13.525028037383176]"
B07M6PRNHG,ES,H&S,"[-0.026936026936026942, 12.794713804713805]"
B07M6PRNHG,FR,H&S,"[-0.1328940432261465, 15.299066947812339]"
B07M6PRNHG,IT,H&S,"[-0.06278947368421055, 13.039120614035088]"
B07M6PRNHG,UK,H&S,"[0.0026562283212919857, 10.844703043270048]"
B07M6PRNHG,US,H&S,"[0.0017415603277490302, 16.479637850296438]"
B07MVH416B,UK,H&S,"[0.004565172684115987, 4.617577778864254]"
B07N8BLMZ7,DE,H&S,"[-0.06762028608582575, 5.345656697009105]"
B07N8BLMZ7,ES,H&S,"[-5.882076130472366e-32, 4.990000000000001]"
B07N8BLMZ7,FR,H&S,"[-0.0, 9.49]"
B07N8BLMZ7,IT,H&S,"[-6.446361387314317e-32, 7.490000000000001]"
B07N8BLMZ7,UK,H&S,"[0.0017613696672723483, 4.594710249063535]"
B07N8BLMZ7,US,H&S,"[-0.021469755996347237, 5.853573446908251]"
B07NTY3D93,DE,Tritart,"[-0.09069767441860466, 6.845813953488373]"
B07NTY3D93,FR,Tritart,"[0.1642857142857143, 8.825714285714286]"
B07NTY3D93,IT,Tritart,"[-0.9999999999999998, 7.658823529411765]"
B07NVDQCKB,DE,Espring,"[-1.8371847874779574e-32, 10.989999999999998]"
B07NVDQCKB,US,Espring,"[-0.1387566420588235, 11.222188849411763]"
B07P4362J2,DE,Tritart,"[-0.19248395967002752, 9.471393217231897]"
B07P4362J2,UK,Tritart,"[-0.01361902057262051, 9.190053462407912]"
B07PNX2XJF,DE,Tritart,"[0.2296, 8.5676]"
B07PNX2XJF,ES,Tritart,"[-0.0625316455696203, 9.660886075949367]"
B07PPM6WDZ,DE,H&S,"[0.2359374999999999, 7.359921875]"
B07PPM6WDZ,ES,H&S,"[-0.02851296043656211, 7.290818553888132]"
B07PPM6WDZ,FR,H&S,"[0.0, 8.590000000000002]"
B07PPM6WDZ,IT,H&S,"[-0.022368421052631583, 8.43736842105263]"
B07PPM6WDZ,UK,H&S,"[-0.04955607691839994, 6.275933703871538]"
B07PPM6WDZ,US,H&S,"[-0.058731282150406565, 5.275700965373983]"
B07PPT27PH,DE,Espring,"[0.08058415633536459, 11.658848497583524]"
B07PPT27PH,IT,Espring,"[-0.6972410981244902, 17.340530035335693]"
B07PQQRNBM,DE,Espring,"[-2.3420139819617923e-31, 18.820000000000004]"
B07PQQRS2T,DE,Espring,"[-3.058187128035224e-31, 12.489999999999998]"
B07PRQTQ8H,DE,Espring,"[-7.356643281117743e-32, 12.489999999999998]"
B07PRRK9B1,DE,Espring,"[-2.0150596752568054e-31, 11.489999999999998]"
B07PXT4CKX,DE,Espring,"[-0.006108656095658948, 21.817397972446063]"
B07PXT4CKX,ES,Espring,"[-0.048342961386439696, 19.790851322590452]"
B07PXT4CKX,FR,Espring,"[-0.1910035359488128, 21.012997137565243]"
B07PXT4CKX,IT,Espring,"[-0.06504065040650397, 19.828254172015402]"
B07PZW2DH7,DE,Tritart,"[8.497176314223047e-32, 10.989999999999998]"
B07PZW2DH7,ES,Tritart,"[0.07499999999999996, 11.914999999999997]"
B07PZW2DH7,FR,Tritart,"[-0.026518987341772198, 12.618582278481012]"
B07PZW2DH7,IT,Tritart,"[-0.05472306143001004, 12.342819738167169]"
B07PZW2DH7,UK,Tritart,"[-0.00595089029721917, 8.08360224306385]"
B07Q4C2Y7K,DE,Espring,"[-0.01101099418350536, 19.80599031704939]"
B07Q4C2Y7K,ES,Espring,"[0.15458579881656803, 26.764926035502956]"
B07Q4C2Y7K,FR,Espring,"[0.019482855800845467, 24.499700798496942]"
B07Q4C2Y7K,IT,Espring,"[-0.9999999999999997, 25.69]"
B07Q4C2Y7K,US,Espring,"[4.5701491249999995, 14.722130285000002]"
B07QC7DM54,DE,Espring,"[-0.18232044198895037, 11.034198895027625]"
B07QC7DM54,ES,Espring,"[-0.4451937470393179, 12.655479867361441]"
B07QC7DM54,FR,Espring,"[0.2593816631130062, 13.30631130063966]"
B07QD5X6M4,FR,Espring,"[-0.4756164383561641, 17.985616438356164]"
B07QQVMXW5,DE,Tritart,"[-0.1076759061833688, 9.023475479744137]"
B07QQVMXW5,ES,Tritart,"[-0.31578947368421056, 10.639122807017541]"
B07QQVMXW5,FR,Tritart,"[0.016935697274411247, 11.219425774014287]"
B07QQVMXW5,IT,Tritart,"[-0.10315670800450959, 11.221679819616684]"
B07QV6S7N3,DE,H&S,"[0.05455868089233753, 6.538642095053348]"
B07QV6S7N3,ES,H&S,"[-7.113350838223666e-32, 7.490000000000001]"
B07QV6S7N3,FR,H&S,"[-2.311138963702332e-32, 7.990000000000001]"
B07QV6S7N3,IT,H&S,"[0.0, 8.49]"
B07QV6S7N3,UK,H&S,"[-0.0010883425800193862, 5.457302265548622]"
B07QV6S7N3,US,H&S,"[-0.01903407097761193, 5.862315626059704]"
B07QVZWD4W,DE,Espring,"[2.3852214375261997e-32, 15.990000000000002]"
B07QVZWD4W,ES,Espring,"[0.0, 16.59]"
B07QVZWD4W,FR,Espring,"[-5.591660967600426e-31, 21.990000000000002]"
B07QVZWD4W,IT,Espring,"[-1.4532319198423919e-31, 19.490000000000002]"
B07RD69YX8,UK,H&S,"[-0.0003086947378696873, 4.63559497209796]"
B07RF6S3K3,DE,H&S,"[-0.0, 12.990000000000002]"
B07RF6S3K3,UK,H&S,"[-0.014212090786750821, 11.655203191399977]"
B07RF6S3K3,US,H&S,"[0.06535352583333333, 13.728122096666667]"
B07RLJBB1N,DE,H&S,"[-0.18326488706365507, 5.508309377138947]"
B07RLJBB1N,ES,H&S,"[0.0, 13.49]"
B07RLJBB1N,FR,H&S,"[-0.27777777777777746, 11.26777777777778]"
B07RLJBB1N,IT,H&S,"[0.0, 14.49]"
B07RLJBB1N,UK,H&S,"[0.005885426023297168, 5.767419765008005]"
B07RLJBB1N,US,H&S,"[-0.030630986956059862, 6.726852158065668]"
B07RLM8RRX,DE,Espring,"[-0.10934844192634571, 7.0011898016997165]"
B07RLYF81N,DE,Espring,"[-0.0023558758314855903, 16.273398004434593]"
B07RLYF81N,ES,Espring,"[0.04986033519553079, 18.26130523108177]"
B07RLYF81N,FR,Espring,"[-7.293072669482347e-05, 18.20026690468934]"
B07RLYF81N,IT,Espring,"[0.00545895494965826, 17.45668626442272]"
B07RLYF81N,US,Espring,"[0.05435783000000009, 9.774354760058822]"
B07RQJJ9VX,UK,H&S,"[-0.033401058295105895, 5.190971314338089]"
B07RQJJ9VX,US,H&S,"[-0.05737969921406986, 4.919981333087755]"
B07RSR4B12,DE,H&S,"[-0.11417601890135853, 5.178541051388068]"
B07RSR4B12,ES,H&S,"[0.0, 7.29]"
B07RSR4B12,FR,H&S,"[0.10473815461346603, 7.255336658354116]"
B07RSR4B12,IT,H&S,"[0.0, 8.489999999999998]"
B07RSR4B12,UK,H&S,"[-0.009865391249558859, 4.655888762489436]"
B07RSR4B12,US,H&S,"[-0.00014403810326091184, 4.726530567247282]"
B07S5JTFYG,UK,H&S,"[-0.03484927512652861, 3.477460440884854]"
B07S5KW5WQ,DE,H&S,"[-2.511555389314236e-31, 5.589999999999997]"
B07S5KW5WQ,ES,H&S,"[0.0, 7.59]"
B07S5KW5WQ,FR,H&S,"[9.437683781533807e-32, 7.490000000000001]"
B07S5KW5WQ,IT,H&S,"[2.118431354163667e-31, 7.490000000000001]"
B07S5KW5WQ,UK,H&S,"[-0.015156733492939205, 3.7346222097129425]"
B07S5KW5WQ,US,H&S,"[-0.046616259678714744, 5.440269066200803]"
B07S732NKF,UK,H&S,"[-0.05154768509251387, 3.920715443623004]"
B07SNF9BKP,DE,Espring,"[-0.06498469075321493, 21.82348438456828]"
B07SNF9BKP,ES,Espring,"[-0.7777777777777772, 26.337222222222223]"
B07SNF9BKP,FR,Espring,"[-0.22928802588996716, 25.195809061488667]"
B07SNF9BKP,IT,Espring,"[-0.21627723397537102, 24.889336911904014]"
B07SNF9BKP,US,Espring,"[-0.0235517220744679, 15.901137128138298]"
B07SWX3J6S,DE,Tritart,"[0.18415300546448082, 14.293005464480872]"
B07SWX3J6S,ES,Tritart,"[0.07999999999999996, 15.009999999999998]"
B07SWX3J6S,FR,Tritart,"[0.22068965517241373, 15.769310344827586]"
B07SWX3J6S,IT,Tritart,"[0.12829046898638427, 15.158381240544628]"
B07SWX3J6S,PL,Tritart,"[0.0, 12.555829991111112]"
B07SYKTLG9,DE,Espring,"[-0.01818181818181824, 7.0081818181818205]"
B07SYKTLG9,ES,Espring,"[0.0, 7.89]"
B07SYKTLG9,FR,Espring,"[0.22999999999999982, 9.06]"
B07T234J87,DE,Espring,"[0.3888888888888886, 9.60111111111111]"
B07T5CJDQ7,DE,Espring,"[-0.1102040816326531, 8.324693877551018]"
B07T7N8DP7,DE,Espring,"[-0.09239532896610649, 10.359097123326688]"
B07T7N8DP7,ES,Espring,"[0.16666666666666655, 10.823333333333332]"
B07T7N8DP7,FR,Espring,"[0.3025000000000001, 12.584583333333335]"
B07T7N8DP7,IT,Espring,"[1.7727272727272718, 9.044545454545457]"
B07T7N8DP7,US,Espring,"[0.013207238363953908, 9.948458940806313]"
B07T83NWZ5,DE,Espring,"[-0.07456701258241882, 16.707291188039235]"
B07T83NWZ5,ES,Espring,"[0.0, 20.99]"
B07T83NWZ5,FR,Espring,"[1.1181880132924982e-30, 24.990000000000002]"
B07T83NWZ5,IT,Espring,"[0.0, 22.59]"
B07T83NWZ5,US,Espring,"[-0.09519952545164709, 16.67770511459086]"
B07T9JV9KP,DE,Espring,"[-0.1956521739130434, 9.685652173913045]"
B07T9JV9KP,FR,Espring,"[-0.36155555555555524, 11.795999999999998]"
B07TC4YGQ8,DE,Espring,"[-0.058480057491915205, 15.126722960833634]"
B07TC4YGQ8,ES,Espring,"[-0.8237783375314854, 18.129445843828712]"
B07TC4YGQ8,FR,Espring,"[-0.7030035971223016, 19.744082733812945]"
B07TC4YGQ8,IT,Espring,"[0.09520561685055184, 18.95293881644934]"
B07TC4YGQ8,US,Espring,"[-0.4982966525519818, 13.719008510291214]"
B07TC51TS9,DE,Espring,"[-0.09886248222628473, 13.042943327239488]"
B07TC51TS9,ES,Espring,"[-2.1428571428571432, 15.99]"
B07TC51TS9,FR,Espring,"[0.3198924731182793, 15.027634408602152]"
B07TC51TS9,IT,Espring,"[1.2727272727272723, 12.990000000000002]"
B07TC51TS9,US,Espring,"[-0.01211221026587459, 11.755094452539938]"
B07TDLK5W3,DE,H&S,"[-0.1188379646337063, 8.202919523637675]"
B07TDLK5W3,ES,H&S,"[-0.08416030534351146, 8.113854961832061]"
B07TDLK5W3,FR,H&S,"[-0.042505133470225956, 11.34523613963039]"
B07TDLK5W3,IT,H&S,"[-0.3380462724935733, 9.406452442159384]"
B07TDLK5W3,UK,H&S,"[7.314688704765341e-05, 6.941659646859909]"
B07TDLK5W3,US,H&S,"[-0.08646309981499259, 6.1266515238875225]"
B07TGFSLCB,DE,Tritart,"[-0.024637922423838842, 29.340757449642087]"
B07TGFSLCB,FR,Tritart,"[-0.435, 28.024999999999995]"
B07TKCV8HT,UK,H&S,"[-0.0023965419680544884, 4.6468746470011855]"
B07TKCV8HT,US,H&S,"[-0.4298817748013963, 6.834780140307993]"
B07TLVG7ZP,DE,Espring,"[0.9473684210526319, 46.09526315789474]"
B07TMN2NY5,DE,Espring,"[-0.01989911288919812, 17.851088885023483]"
B07TMN2NY5,ES,Espring,"[0.7631372549019604, 18.226862745098032]"
B07TMN2NY5,FR,Espring,"[-0.03250000000000066, 21.0225]"
B07TMN2NY5,IT,Espring,"[0.49799999999999955, 20.242000000000004]"
B07TMN2NY5,US,Espring,"[-0.12568879360919533, 11.285440114904215]"
B07TN75FC1,DE,H&S,"[0.003226307525671919, 8.802443849234669]"
B07TN75FC1,ES,H&S,"[-0.03502357579036861, 8.237244337945427]"
B07TN75FC1,FR,H&S,"[-1.3555721255387136e-31, 8.389999999999999]"
B07TN75FC1,IT,H&S,"[-1.802291104200235e-32, 7.990000000000001]"
B07TN75FC1,PL,H&S,"[0.0, 8.97688867990909]"
B07TN75FC1,UK,H&S,"[0.0008268249146641435, 5.768652722422082]"
B07TN75FC1,US,H&S,"[-0.15685401677782673, 8.151364952849155]"
B07TP1ZMVN,DE,Espring,"[0.11739130434782609, 28.211739130434783]"
B07TQS7PDP,DE,H&S,"[-1.761535197473771e-32, 7.490000000000001]"
B07TQS7PDP,ES,H&S,"[0.0, 8.49]"
B07TQS7PDP,FR,H&S,"[-0.0, 8.49]"
B07TQS7PDP,IT,H&S,"[0.0, 8.99]"
B07TQS7PDP,UK,H&S,"[0.0015843803317951502, 5.6506683093555665]"
B07TQS7PDP,US,H&S,"[0.015731159285714374, 5.464376830857143]"
B07TQSP4Y5,DE,Espring,"[-0.09707686755683867, 17.892562251894624]"
B07TQSP4Y5,ES,Espring,"[0.0, 19.475]"
B07TQSP4Y5,FR,Espring,"[-0.9424999999999998, 21.3425]"
B07TQSP4Y5,IT,Espring,"[0.7378947368421047, 20.252105263157894]"
B07TQSP4Y5,US,Espring,"[0.8061351826373057, 10.572355410953366]"
B07TRLKYG6,ES,Espring,"[1.8400000000000003, 14.91]"
B07TRLKYG6,FR,Espring,"[-3.0049999999999994, 19.39]"
B07TTMNMLP,DE,Espring,"[-0.09352947242806844, 19.962509097337836]"
B07TTMNMLP,US,Espring,"[-0.2812155132574678, 16.10298058586534]"
B07TXKGRX7,DE,Espring,"[0.0, 27.99]"
B07TZHYZ1N,DE,Tritart,"[-1.4030075187969913, 13.42157894736842]"
B07TZHYZ1N,ES,Tritart,"[-0.2672499999999992, 15.257249999999999]"
B07TZHYZ1N,FR,Tritart,"[0.6771641791044768, 17.86139303482587]"
B07TZHYZ1N,IT,Tritart,"[-1.8764285714285718, 17.221428571428575]"
B07V2B47V3,DE,Espring,"[-0.05220652964366363, 10.401202970107551]"
B07V2B47V3,IT,Espring,"[-1.8571428571428579, 19.404285714285717]"
B07V2B55JH,DE,Espring,"[-0.03999999999999999, 8.686470588235295]"
B07V2NRTWB,DE,Tritart,"[-0.1250000000000001, 8.406666666666668]"
B07V2NRTWB,FR,Tritart,"[-0.059174690508940926, 9.629064649243467]"
B07V3FWL34,DE,Espring,"[-0.010960906101571005, 9.197161125319692]"
B07V3FWL34,ES,Espring,"[-0.6122123893805314, 13.601415929203538]"
B07V3FWL34,FR,Espring,"[1.430210843373494, 12.740361445783133]"
B07V3FZDD1,DE,Espring,"[0.13197969543147214, 8.797106598984772]"
B07V4G5TJK,DE,Espring,"[0.0, 6.989999999999999]"
B07V4G6K18,DE,Espring,"[0.10714285714285716, 10.382857142857144]"
B07V4G6K18,ES,Espring,"[0.3887700534759357, 15.114064171122994]"
B07V4G6K18,FR,Espring,"[0.15637344398340242, 16.108622406639004]"
B07V5GJ2QR,DE,Espring,"[-0.0, 29.99]"
B07V6LGKXG,DE,Espring,"[-0.22483352918135519, 9.390313356835097]"
B07V6LGWMZ,DE,Espring,"[-0.2922100810715545, 9.922322876277759]"
B07V6LGWMZ,ES,Espring,"[-0.2188034188034188, 14.906239316239317]"
B07V6LGWMZ,FR,Espring,"[0.14948453608247417, 15.654948453608249]"
B07V6LGWMZ,IT,Espring,"[-0.716, 13.989999999999998]"
B07V6LNFZQ,DE,Espring,"[-0.16197183098591553, 8.847276995305167]"
B07V6LNFZQ,IT,Espring,"[2.6399999999999992, 11.541428571428572]"
B07V6LYQKK,DE,Espring,"[0.013629283489096691, 8.622788161993771]"
B07VNGCG2J,DE,H&S,"[-0.03510583376355177, 6.284011357769749]"
B07VNGCG2J,ES,H&S,"[2.705770582392846e-31, 9.990000000000002]"
B07VNGCG2J,FR,H&S,"[-7.768688361529706e-32, 7.990000000000001]"
B07VNGCG2J,IT,H&S,"[0.0, 9.59]"
B07VNGCG2J,UK,H&S,"[-0.0380177133958394, 5.635629802147886]"
B07VNGCG2J,US,H&S,"[-0.12435056068014602, 6.003881102001685]"
B07VVLJ12R,DE,Tritart,"[-0.3835616438356161, 8.126986301369861]"
B07VVLJ12R,FR,Tritart,"[0.20818181818181777, 10.281818181818181]"
B07VWR69VX,DE,Tritart,"[-0.07301136363636364, 11.030056818181817]"
B07VWR69VX,ES,Tritart,"[-0.18097447795823646, 12.379791183294664]"
B07VWR69VX,FR,Tritart,"[-0.31284123170998046, 14.03269491155274]"
B07VWR69VX,IT,Tritart,"[0.0, 14.99]"
B07VWR69VX,PL,Tritart,"[0.02705389811594157, 11.110863655217392]"
B07VXN786X,ES,Tritart,"[-0.2884000000000004, 18.3608]"
B07VXN786X,FR,Tritart,"[-0.0545157232704403, 18.836918238993714]"
B07VXN786X,IT,Tritart,"[0.02220588235294121, 19.145441176470587]"
B07VYRT4T5,DE,Tritart,"[-0.05428571428571427, 9.112857142857143]"
B07VYRT4T5,FR,Tritart,"[-0.22555555555555534, 11.022592592592595]"
B07VYSC1NR,DE,Tritart,"[-0.0, 10.989999999999997]"
B07VYSC1NR,ES,Tritart,"[0.05128205128205128, 12.93871794871795]"
B07VYSC1NR,FR,Tritart,"[0.0, 12.590000000000002]"
B07VYSC1NR,IT,Tritart,"[-0.003254067584480594, 13.05735919899875]"
B07VYSNNPT,DE,Tritart,"[-0.10687732342007439, 5.147620817843866]"
B07VYSNNPT,ES,Tritart,"[-0.6111111111111109, 6.934444444444445]"
B07VYSNNPT,FR,Tritart,"[-0.2857142857142858, 8.275714285714287]"
B07W51S61C,DE,H&S,"[-0.0897335627509255, 7.81470410344648]"
B07W51S61C,ES,H&S,"[-5.313636258238906e-31, 7.990000000000002]"
B07W51S61C,FR,H&S,"[-0.0, 9.99]"
B07W51S61C,IT,H&S,"[0.0, 9.09]"
B07W51S61C,UK,H&S,"[0.0005665572065159657, 4.622315231267837]"
B07W51S61C,US,H&S,"[0.08043958585714281, 4.880294868142858]"
B07WDCV13B,DE,Tritart,"[-0.2884579870729455, 8.222871652816252]"
B07WDCV13B,ES,Tritart,"[0.2583516483516485, 9.089560439560444]"
B07WDCV13B,FR,Tritart,"[0.4581250000000001, 11.181874999999998]"
B07WDCV13B,IT,Tritart,"[-0.24791962174940904, 10.143546099290777]"
B07WFHKFCN,DE,Tritart,"[-0.4656832616267156, 15.55074574882196]"
B07WFHKFCN,ES,Tritart,"[0.17768595041322302, 16.841239669421483]"
B07WFHKFCN,FR,Tritart,"[1.5999999999999994, 16.990000000000002]"
B07WFHKFCN,IT,Tritart,"[0.17123383432366301, 17.42579168123034]"
B07WFHLD7G,DE,Tritart,"[-0.18823529411764708, 11.813529411764705]"
B07WFHLD7G,ES,Tritart,"[0.0, 13.62]"
B07WFHLD7G,FR,Tritart,"[0.0, 15.09]"
B07WHHH7CY,DE,Tritart,"[0.033136613765053016, 13.37832442778531]"
B07WHHH7CY,ES,Tritart,"[-0.0, 15.690000000000001]"
B07WHHH7CY,FR,Tritart,"[0.0, 17.289999999999996]"
B07WHJ3D89,DE,Tritart,"[0.11505376344086019, 14.042440033085194]"
B07WHJ3D89,FR,Tritart,"[-0.09619414483821263, 15.565963020030818]"
B07WHJ3D89,IT,Tritart,"[0.0, 14.535]"
B07WHKPSYX,DE,Tritart,"[0.0388305847076461, 10.164812593703147]"
B07WHKPSYX,FR,Tritart,"[1.1661458333333334, 11.767187500000002]"
B07WHKPSYX,IT,Tritart,"[-0.06485574148874781, 12.981878245816507]"
B07WJNGG8J,DE,Tritart,"[-0.10968543046357625, 8.83333609271523]"
B07WJNGG8J,ES,Tritart,"[0.0, 12.990000000000002]"
B07WJNGG8J,FR,Tritart,"[0.6272499999999999, 11.442750000000002]"
B07WJNGG8J,IT,Tritart,"[-1.2528873239436622, 11.951830985915494]"
B07WK1M7Y8,DE,Tritart,"[-0.7958921694480106, 15.201810012836972]"
B07WK1M7Y8,ES,Tritart,"[0.0, 16.49]"
B07WK1M7Y8,FR,Tritart,"[-2.4597060276311472e-31, 17.990000000000002]"
B07WK1M7Y8,IT,Tritart,"[-0.7037037037037035, 17.6937037037037]"
B07WP6Y8XZ,UK,H&S,"[-0.0033818373816432504, 5.214679564594075]"
B07WPW5TGJ,DE,Espring,"[0.012291876187283472, 22.67666890155325]"
B07WTXZ2JC,DE,H&S,"[-3.3068650008396e-32, 4.990000000000002]"
B07WTXZ2JC,FR,H&S,"[0.0, 7.489999999999998]"
B07WTXZ2JC,IT,H&S,"[0.0, 8.99]"
B07WTXZ2JC,UK,H&S,"[-0.006879233503194376, 4.9359281771536345]"
B07WTXZ2JC,US,H&S,"[-0.020219520516129068, 5.494315697903225]"
B07WZGLMMN,DE,Espring,"[0.005675771550195112, 21.839237318197945]"
B07X2L2YSH,DE,Espring,"[0.008301130671246612, 22.754992128238158]"
B07X3KHZFV,DE,Espring,"[-1.7319019080652662e-31, 20.990000000000002]"
B07X3KHZFV,ES,Espring,"[-0.3080212765957446, 19.566574468085093]"
B07X3KHZFV,FR,Espring,"[-0.1100931414055885, 22.717451312447082]"
B07XMCL1C2,DE,Tritart,"[-0.046156699807093075, 11.138924172725922]"
B07XMCL1C2,ES,Tritart,"[1.0610723229888884e-30, 12.989999999999998]"
B07XMCL1C2,FR,Tritart,"[-0.2368558042686102, 12.115195210827695]"
B07XMCL1C2,IT,Tritart,"[0.31935483870967785, 10.570645161290322]"
B07XMCM4B4,ES,Tritart,"[0.0, 15.190000000000001]"
B07XMCM4B4,FR,Tritart,"[-0.17172839506172857, 14.835925925925926]"
B07XMCM4B4,IT,Tritart,"[0.1499999999999999, 16.489999999999995]"
B07XMCM4B4,UK,Tritart,"[-0.07091035075034109, 13.231488441582536]"
B07XYX7Y43,DE,Tritart,"[0.0454810495626821, 17.26113702623907]"
B07XYX7Y43,ES,Tritart,"[0.0, 17.39]"
B07XYX7Y43,FR,Tritart,"[0.0, 18.70111111111111]"
B07XYX7Y43,IT,Tritart,"[0.17416666666666666, 18.43583333333334]"
B07XYY42F4,DE,Tritart,"[-0.044150110375275886, 9.347615894039732]"
B07XYY42F4,FR,Tritart,"[-0.0, 12.39]"
B07YSCWK2F,DE,Tritart,"[-0.16839622641509422, 12.206509433962262]"
B07YSCWK2F,ES,Tritart,"[0.19784172661870503, 12.867697841726619]"
B07YSCWK2F,FR,Tritart,"[-0.005945945945945913, 13.998324324324326]"
B07YSCWK2F,IT,Tritart,"[-0.06571428571428584, 13.989999999999998]"
B07YZCZLW5,DE,Espring,"[-0.16163110805230557, 9.705519614590504]"
B07YZCZLW5,IT,Espring,"[-0.4819230769230769, 10.508076923076922]"
B07Z67GS2K,ES,Espring,"[-0.011451612903226173, 18.012903225806454]"
B07Z67GS2K,FR,Espring,"[0.0, 18.575454545454548]"
B07ZP7C22T,DE,Espring,"[0.30769230769230765, 13.092564102564106]"
B08299Z7PM,DE,Tritart,"[0.1428571428571429, 6.847142857142859]"
B08299Z7PM,FR,Tritart,"[0.0, 8.31909090909091]"
B0829B5PR6,DE,Tritart,"[-0.1567398119122257, 8.64830721003135]"
B0829B5PR6,FR,Tritart,"[0.07541791044776117, 9.693701492537313]"
B0829B5PR6,IT,Tritart,"[-0.39160839160839156, 9.322517482517483]"
B0829BCTTX,DE,Tritart,"[-0.1240523776705719, 15.86181254307374]"
B0829BCTTX,ES,Tritart,"[0.20034898477157342, 16.269980964467006]"
B0829BCTTX,FR,Tritart,"[0.0053859964093357915, 16.379715311618366]"
B0829BCTTX,IT,Tritart,"[0.37420094077915794, 15.670677843444697]"
B082KJ7M34,DE,Tritart,"[-0.011578094245687214, 31.783909922426773]"
B082KJ7M34,ES,Tritart,"[-0.1368089233753643, 35.72785645004849]"
B082KJ7M34,FR,Tritart,"[0.0043137254901959585, 39.32568627450983]"
B082KJ7M34,IT,Tritart,"[0.04660477453580917, 39.55724137931034]"
B082KJ7M34,UK,Tritart,"[0.030219055434782545, 33.403808627826095]"
B083DHG56N,DE,Tritart,"[0.021949286846275753, 11.294278922345484]"
B083DHG56N,ES,Tritart,"[0.8722222222222216, 13.117777777777775]"
B083DHG56N,FR,Tritart,"[0.08107394366197203, 14.154242957746481]"
B083DHG56N,IT,Tritart,"[0.0252500000000001, 13.728999999999996]"
B083DJDRT1,DE,Tritart,"[-0.09217801753202973, 11.598024275118004]"
B083DJDRT1,ES,Tritart,"[-0.3676966292134835, 11.840468164794006]"
B083DJDRT1,FR,Tritart,"[0.15987577639751563, 12.974596273291924]"
B083DJDRT1,IT,Tritart,"[-0.150182584269663, 12.972368913857675]"
B083KBDRSW,DE,Tritart,"[-0.03876024394892321, 10.387441395082902]"
B083KBDRSW,ES,Tritart,"[-0.05769230769230786, 9.336153846153849]"
B083KBDRSW,FR,Tritart,"[0.03263403263403233, 10.502820512820513]"
B083KBDRSW,IT,Tritart,"[-0.11235955056179776, 9.619213483146067]"
B083KBDRSW,UK,Tritart,"[-0.33085194354838704, 14.006929786989247]"
B083KBDRSW,US,Tritart,"[-0.12800173349242422, 8.97183865740909]"
B0847SXNVQ,DE,Espring,"[0.15725720384204905, 12.176099252934899]"
B0847SXNVQ,IT,Espring,"[0.07083333333333344, 13.819166666666664]"
B0847TF6T1,DE,Espring,"[-0.08490566037735854, 8.499433962264153]"
B0847THKYH,DE,Espring,"[0.3950581395348836, 8.266744186046513]"
B0847TJHB1,DE,Espring,"[-3.0620771668833027e-31, 16.890000000000004]"
B0847TJHB1,IT,Espring,"[0.12833333333333388, 23.036666666666658]"
B084BWY8FP,DE,Espring,"[-0.4322876817138486, 26.955952563121652]"
B084BWY8FP,ES,Espring,"[0.0, 30.49]"
B084BWY8FP,FR,Espring,"[-4.854780641007173e-31, 36.989999999999995]"
B084BWY8FP,IT,Espring,"[-0.0, 31.99]"
B084BZWGHC,DE,Espring,"[-0.18739448508722573, 27.03220596510973]"
B084BZWGHC,ES,Espring,"[-2.1268881995822294e-30, 30.190000000000012]"
B084BZWGHC,FR,Espring,"[-0.8027419926722614, 33.18761257534569]"
B084BZWGHC,IT,Espring,"[-0.03037844331931686, 26.189776881489742]"
B084VT3XM3,DE,Espring,"[-0.5155417406749556, 13.337246891651866]"
B084WS4SRY,DE,Espring,"[0.03519356460532933, 22.595161722808783]"
B0857JKTZL,DE,Espring,"[4.0593381726398296e-32, 9.990000000000002]"
B0857JRBR2,DE,Espring,"[0.34782608695652173, 21.361541501976284]"
B0857JRBR2,ES,Espring,"[-0.7191011235955057, 28.31497839239411]"
B0857JRBR2,FR,Espring,"[-0.47576211894052967, 28.570959520239878]"
B0857JRBR2,UK,Espring,"[-0.0870641165858308, 23.306360609570064]"
B0857JT2ZP,DE,Espring,"[0.0, 10.99]"
B0857K4H2V,DE,Espring,"[-0.15552099533437017, 13.634634525660967]"
B0857K4H2V,UK,Espring,"[0.031178456195965737, 17.341745700605184]"
B0857K4ZDQ,DE,Espring,"[-0.20142421159715151, 20.041881993896233]"
B0857K4ZDQ,ES,Espring,"[0.0, 21.89]"
B0857K4ZDQ,FR,Espring,"[1.3221338810420058e-31, 25.490000000000002]"
B0857K4ZDQ,IT,Espring,"[-0.47872340425531923, 22.666063829787237]"
B0857K4ZDQ,UK,Espring,"[0.0259660765579708, 22.98499241336956]"
B085F3767Z,DE,Espring,"[0.7064364207221351, 24.059073783359494]"
B085F3767Z,ES,Espring,"[-0.0, 26.79]"
B085F3767Z,FR,Espring,"[0.0, 30.5]"
B085F3767Z,IT,Espring,"[0.0, 28.76]"
B085F37HBC,DE,Espring,"[0.009949508733624443, 11.540109170305676]"
B085F37HBC,IT,Espring,"[-0.019396534942573457, 12.527013821296475]"
B085F37HBC,UK,Espring,"[-0.27462706431542916, 14.79033807254871]"
B085H4Z36Y,DE,Tritart,"[-0.1906077348066298, 7.898839779005523]"
B085TLR7QG,DE,Tritart,"[-0.44790116105983935, 18.322926466210184]"
B085TLR7QG,ES,Tritart,"[-0.6016448032290617, 18.75544904137235]"
B085TLR7QG,FR,Tritart,"[-0.4943283582089548, 17.922325469427058]"
B085TLR7QG,IT,Tritart,"[0.0, 16.076666666666668]"
B085TLR7QG,UK,Tritart,"[0.0, 18.35820896]"
B085TLR7QG,US,Tritart,"[0.013847431662903236, 10.814531540183873]"
B086T37ZV1,IT,Espring,"[0.013348587630797019, 15.333012638050773]"
B0872W1YTK,DE,Espring,"[-0.030436802973977693, 22.25254646840149]"
B0872W1YTK,ES,Espring,"[-0.5000000000000001, 23.24]"
B0872W1YTK,FR,Espring,"[2.4059999999999993, 24.084]"
B0872W1YTK,US,Espring,"[-0.5227264387499997, 15.28726937875]"
B0872XDGWW,DE,Espring,"[3.285714285714285, 21.704285714285714]"
B0872XDGWW,US,Espring,"[1.3298746588888886, 15.853413881111111]"
B0875PQLS9,DE,Espring,"[-0.37909289352413317, 22.40523162745574]"
B0875PQLS9,US,Espring,"[-0.16155529761718715, 16.159096170664057]"
B0876861N4,US,Espring,"[-0.1355386879965077, 9.703198530885528]"
B0876V6BPH,DE,Espring,"[0.0, 10.99]"
B088MF482R,DE,Espring,"[-2.565243277839489e-31, 10.989999999999998]"
B088MF482R,IT,Espring,"[0.263846153846154, 12.216153846153848]"
B088MFTGV5,DE,Espring,"[-0.251105216622458, 13.11820512820513]"
B088MGYR8K,DE,Espring,"[-5.156679562819013e-32, 10.989999999999998]"
B088NQYHK5,DE,Espring,"[0.0, 12.49]"
B088RD39YR,DE,Espring,"[-0.32471264367816105, 22.616436781609195]"
B088RDPTJH,DE,Espring,"[-1.3812415654520924, 27.5372334682861]"
B088RGRS86,US,Espring,"[-0.05005634685115092, 9.983035974701325]"
B088RHVC9K,DE,Espring,"[-0.1173364245234416, 21.539931306886487]"
B088RHVC9K,US,Espring,"[-0.007306569880952344, 12.675119341833327]"
B088RHXFJ4,DE,Espring,"[-0.04394531249999998, 15.4870703125]"
B088RHXFJ4,US,Espring,"[-0.13022081513221792, 8.354057627872097]"
B08B3V248T,DE,Espring,"[-0.3381109886071295, 20.261591326718115]"
B08B3V248T,US,Espring,"[-0.4958982716022099, 16.22251935708287]"
B08B8GDLSH,DE,Espring,"[-1.6938599837529029e-31, 13.489999999999998]"
B08B8GDLSH,US,Espring,"[-0.6344159213333336, 9.025261918000002]"
B08BLS8RZ7,US,Espring,"[-0.020713583749999948, 10.988441273749999]"
B08CGYF2L5,DE,Espring,"[-0.2972972972972973, 20.449459459459458]"
B08CGYF2L5,ES,Espring,"[0.0, 21.15]"
B08CGYF2L5,IT,Espring,"[-0.027368421052631386, 21.79842105263158]"
B08D6GMSG1,DE,Espring,"[-0.0623737373737374, 11.908939393939391]"
B08D6GR44H,DE,Espring,"[-0.0, 13.49]"
B08D6GR44H,IT,Espring,"[0.0, 15.99]"
B08DD1R735,DE,Tritart,"[-0.3128952122854561, 21.75576332429991]"
B08DD1R735,ES,Tritart,"[-0.19098305084745806, 20.505627118644068]"
B08DD1R735,FR,Tritart,"[-1.2342857142857144, 24.07634920634921]"
B08DJ4WZWQ,DE,Espring,"[-0.060062325963856564, 15.588999700984882]"
B08DJ4WZWQ,ES,Espring,"[-0.0, 16.99]"
B08DJ4WZWQ,FR,Espring,"[-0.36845466155810963, 19.40507024265645]"
B08DJ4WZWQ,IT,Espring,"[-1.054827586206896, 17.91275862068965]"
B08DJ4WZWQ,US,Espring,"[0.06530378472760369, 16.37815246409618]"
B08F5C44LT,US,Espring,"[-0.07207054120767495, 23.189434925857782]"
B08F5CKKL1,DE,Espring,"[-0.20137025680337295, 39.80261977769259]"
B08FDXN154,DE,Espring,"[0.042802886441321776, 15.757869350550699]"
B08FDXN154,ES,Espring,"[-6.2232097635510495e-31, 16.990000000000002]"
B08FDXN154,IT,Espring,"[0.12547169811320802, 18.161698113207546]"
B08FDXN154,US,Espring,"[-0.0497565072731958, 11.530753496608247]"
B08FQTDNRC,DE,Tritart,"[0.0, 13.853636363636365]"
B08FQWZDQP,DE,Tritart,"[-0.10081348053457298, 13.925153980244046]"
B08FQWZDQP,FR,Tritart,"[0.7439306358381509, 20.035086705202307]"
B08FQWZDQP,PL,Tritart,"[-0.16071218250000105, 13.4492288225]"
B08HM2VGX9,ES,Espring,"[-0.6600000000000001, 12.260000000000003]"
B08HM2VGX9,FR,Espring,"[-0.08052631578947382, 11.223157894736843]"
B08J3T116Q,DE,Espring,"[1.8174603174603179, 13.093174603174603]"
B08J45NYBM,DE,Espring,"[1.552226720647773, 22.331700404858303]"
B08J45NYBM,US,Espring,"[0.08418703481538453, 22.69971794047693]"
B08JCVX1WY,DE,Espring,"[6.380133503310055e-32, 12.989999999999998]"
B08JCVX1WY,US,Espring,"[-1.1854245367030067, 10.95549169313158]"
B08LDJBF86,DE,Espring,"[-0.19528822920262337, 13.928816016568865]"
B08LDJBF86,US,Espring,"[-0.11691229306483276, 10.153741851797639]"
B08LL4V6MD,DE,Espring,"[0.0, 13.49]"
B08LL4V6MD,IT,Espring,"[-0.0, 15.989999999999998]"
B08LL98VSZ,DE,Espring,"[-3.5790152709884697e-32, 13.490000000000002]"
B08LPRLZLT,ES,Espring,"[3.8499999999999983, 16.94]"
B08N18NFPW,ES,Espring,"[0.0, 11.990000000000002]"
B08N18NFPW,FR,Espring,"[0.0, 11.99]"
B08N18NFPW,IT,Espring,"[-0.005196850393700785, 10.977007874015749]"
B08N18NFPW,US,Espring,"[-0.023854426268439283, 9.165198083504288]"
B08N18QKFK,US,Espring,"[0.056528482105263234, 14.674088577894736]"
B08NC1SV16,ES,Espring,"[-8.520671623081129e-31, 18.390000000000004]"
B08NDVT5TR,ES,Espring,"[-0.0, 23.69]"
B08PFSNDF7,DE,Espring,"[-0.0, 9.99]"
B08PFSNDF7,IT,Espring,"[0.2247457627118642, 11.76525423728814]"
B08PFTKQRB,DE,Espring,"[-0.019999999999999987, 17.770000000000003]"
B08PFTKQRB,IT,Espring,"[0.9250000000000007, 19.515]"
B08Q2TZMVD,DE,Tritart,"[-0.04249051490514905, 12.003628726287262]"
B08Q2TZMVD,ES,Tritart,"[-0.10221238938053097, 12.330707964601771]"
B08Q2TZMVD,FR,Tritart,"[0.0, 14.232857142857146]"
B08Q2TZMVD,IT,Tritart,"[-0.7750000000000002, 13.665000000000001]"
B08Q346F19,DE,Tritart,"[-0.039549839228295795, 19.905755627009647]"
B08Q346F19,ES,Tritart,"[-0.18382978723404253, 20.797781155015194]"
B08Q346F19,FR,Tritart,"[-0.5176470588235295, 19.50764705882353]"
B08Q346F19,IT,Tritart,"[-0.7068000000000006, 19.6968]"
B08Q34XNJF,DE,Tritart,"[-0.18996040065222455, 13.597966457023059]"
B08Q34XNJF,ES,Tritart,"[-3.179999972723954e-30, 11.989999999999998]"
B08Q34XNJF,FR,Tritart,"[-3.6387440193014993e-31, 11.990000000000002]"
B08Q3BSVTM,DE,Tritart,"[-0.25000000000000017, 8.586153846153849]"
B08Q3BSVTM,ES,Tritart,"[0.21250000000000008, 10.565000000000001]"
B08Q3BSVTM,FR,Tritart,"[-0.09876606683804635, 9.903547557840612]"
B08Q3BSVTM,IT,Tritart,"[0.0, 11.086153846153847]"
B08Q3CP2J5,DE,Tritart,"[-0.11173472229959344, 6.806110523090637]"
B08Q3CP2J5,ES,Tritart,"[-0.4081433224755699, 8.487557003257333]"
B08Q3F1Z1N,DE,Tritart,"[-0.0036429872495447823, 13.117504553734062]"
B08Q3F1Z1N,ES,Tritart,"[-0.04380952380952391, 14.187142857142858]"
B08Q3F1Z1N,FR,Tritart,"[0.0, 15.296666666666667]"
B08Q3MTGFH,DE,Tritart,"[-0.02480503200470364, 9.424409771141407]"
B08Q3MTGFH,ES,Tritart,"[0.0, 14.389999999999999]"
B08Q3MTGFH,FR,Tritart,"[-2.9698521265648e-31, 15.389999999999999]"
B08Q3MTGFH,IT,Tritart,"[-0.1890258939580766, 14.758927250308261]"
B08Q3PLB3F,DE,Tritart,"[-0.07979539641943728, 11.69430847924454]"
B08Q3PLB3F,ES,Tritart,"[-0.30763157894736853, 12.613157894736839]"
B08Q3PLB3F,FR,Tritart,"[0.25076923076923074, 12.876837606837608]"
B08Q3PLB3F,IT,Tritart,"[9.61481343191782e-17, 14.055]"
B08Q42K5PK,DE,Tritart,"[-0.2454112848402448, 9.89890550645819]"
B08Q42K5PK,ES,Tritart,"[-0.09788092835519661, 10.59544904137235]"
B08Q42K5PK,IT,Tritart,"[0.0, 11.99]"
B08Q43R7MK,DE,Tritart,"[-0.1968693434260326, 7.001827381931876]"
B08Q43R7MK,ES,Tritart,"[-0.335106382978723, 7.452765957446809]"
B08Q43R7MK,FR,Tritart,"[0.6213888888888883, 7.168611111111111]"
B08Q43R7MK,IT,Tritart,"[-0.23804659498207925, 7.748387096774196]"
B08Q449TCF,DE,Tritart,"[-0.6056603773584907, 6.47993710691824]"
B08Q449TCF,ES,Tritart,"[-0.8339130434782613, 6.823913043478261]"
B08Q449TCF,FR,Tritart,"[0.018518518518518507, 7.471481481481483]"
B08Q449TCF,IT,Tritart,"[-0.11249999999999974, 7.302500000000001]"
B08Q44G5ZH,DE,Tritart,"[-0.003300330033003315, 6.12861386138614]"
B08Q45WM7G,DE,Tritart,"[-1.457307351638619, 14.188759964570421]"
B08Q45WM7G,ES,Tritart,"[-0.5712765957446809, 14.464095744680849]"
B08Q45WM7G,FR,Tritart,"[1.2133333333333336, 15.776666666666666]"
B08Q45WM7G,IT,Tritart,"[-1.5137642045454547, 15.390852272727276]"
B08Q46G2CG,DE,Tritart,"[0.0, 18.99]"
B08Q46G2CG,FR,Tritart,"[-0.5796741344195518, 19.735295315682286]"
B08Q46G2CG,IT,Tritart,"[-0.1286666666666668, 20.080952380952382]"
B08Q46SPCB,DE,Tritart,"[-0.14845605700712597, 8.210902612826604]"
B08Q47DRVR,DE,Tritart,"[6.236493043901527e-32, 10.989999999999998]"
B08Q47DRVR,ES,Tritart,"[-0.01650244118952504, 10.945215268530852]"
B08Q47DRVR,FR,Tritart,"[-0.1535799648506151, 11.846107205623904]"
B08Q47DRVR,IT,Tritart,"[-0.09174664107485599, 10.574644913627639]"
B08Q47YQBG,DE,Tritart,"[-0.004397470262226596, 15.3812985414898]"
B08Q47YQBG,FR,Tritart,"[-0.416666666666666, 16.15666666666667]"
B08WWNH8XF,DE,Tritart,"[0.1295454545454546, 10.735454545454544]"
B08WWNH8XF,FR,Tritart,"[-0.33727272727272706, 12.327272727272732]"
B08WWNH8XF,IT,Tritart,"[0.39086956521739097, 13.599130434782607]"
B08X1Q96MN,ES,Tritart,"[-0.47999999999999976, 8.950000000000001]"
B08Y5L4HV5,ES,Espring,"[2.0526811558833196e-31, 22.990000000000002]"
B08YK68R6M,DE,Espring,"[0.14577798861480076, 14.469032258064516]"
B08YK68R6M,ES,Espring,"[-1.1239062499999994, 16.443906249999994]"
B08Z9ZD2ZY,DE,Espring,"[-0.8750000000000012, 34.39625]"
B08ZC7KBXJ,ES,Espring,"[-0.0, 11.99]"
B08ZC7T9FZ,ES,Espring,"[0.0, 11.29]"
B08ZC82Q8Q,ES,Espring,"[-0.38909090909090915, 10.305151515151513]"
B08ZCFXZ4H,ES,Espring,"[0.0549999999999997, 11.898333333333333]"
B08ZCH8XBV,ES,Espring,"[0.0, 10.923333333333334]"
B08ZXDKNK4,ES,Espring,"[-0.552568697729988, 15.052126642771801]"
B08ZXKKPHY,ES,Espring,"[0.5779104477611933, 16.412089552238804]"
B08ZXPXKWK,ES,Espring,"[0.031764705882352855, 17.807882352941178]"
B08ZXT53T4,DE,Espring,"[-0.0, 19.99]"
B08ZY7Q88L,ES,Espring,"[-0.3045590682196336, 16.580016638935106]"
B092D4P7SL,DE,Espring,"[0.0, 39.99]"
B092D4P7SL,ES,Espring,"[2.081857142857143, 36.87214285714286]"
B092D55SKX,ES,Tritart,"[0.006250000000000098, 10.84541666666667]"
B092D5D8T3,ES,Tritart,"[-0.0, 14.59]"
B092D6LYT3,DE,Tritart,"[-0.24822640345465774, 23.872109808760033]"
B092D6LYT3,ES,Tritart,"[-0.10999999999999946, 24.91]"
B092D6Z5S6,ES,Espring,"[0.4407837445573298, 22.809042089985486]"
B092D82RGQ,DE,Tritart,"[-0.3350951374207188, 16.57350951374207]"
B092D82RGQ,ES,Tritart,"[0.0, 19.3621875]"
B092D82RGQ,FR,Tritart,"[0.9209090909090911, 20.169090909090908]"
B092JGT1QB,ES,Espring,"[-0.35298126064735924, 29.629636570130614]"
B092JHRZ4H,ES,Espring,"[-1.6179999999999994, 18.608]"
B092JHRZ4H,US,Espring,"[0.027252560173210177, 13.922617095184755]"
B092PW7WF9,DE,Tritart,"[0.22881355932203387, 40.14254237288133]"
B092PW7WF9,ES,Tritart,"[2.0200000000000014, 40.49000000000001]"
B092R75512,ES,Espring,"[-2.676799999999997, 21.886800000000004]"
B092YSB3T2,ES,Tritart,"[0.0, 21.99]"
B092YXWL35,ES,Tritart,"[-0.2900000000000027, 17.28]"
B093SYNCB3,DE,Espring,"[-0.3259238376127689, 20.655206453851488]"
B093SYNCB3,ES,Espring,"[-1.2406488549618313, 20.681793893129772]"
B098XCZZ3Q,ES,Espring,"[0.0, 16.99]"
B098XCZZ3Q,US,Espring,"[-0.02673222552407933, 12.807801209405099]"
B098XFGXM4,ES,Espring,"[0.10090909090909084, 18.63909090909091]"
B098XFGXM4,US,Espring,"[-0.01736774942540337, 15.44223785164314]"
B098XFYB62,ES,Espring,"[0.006666666666667711, 16.99]"
B098XFYB62,US,Espring,"[-0.2785240720956791, 11.23303801866358]"
B098XG9G97,US,Espring,"[0.024215125245901636, 12.791590394655737]"
B09BHPLJ35,DE,Espring,"[4.299875284949258e-17, 17.05]"
B09BHPLJ35,ES,Espring,"[-1.079676258992806, 21.022014388489207]"
B09BHRB99F,DE,Espring,"[-0.19999999999999962, 14.990000000000002]"
B09BHRB99F,ES,Espring,"[0.5187499999999999, 15.908750000000003]"
B09C8HV2R9,ES,Espring,"[-0.0038566552901024126, 19.17723549488054]"
B09C8JHT9L,ES,Espring,"[1.2921259477280122e-31, 12.990000000000002]"
B09FLHCNMQ,ES,Espring,"[9.619870786175867e-31, 22.58999999999999]"
B09FLHCNMQ,US,Espring,"[-0.28242150555803597, 16.443501255910714]"
B09FLKHDTW,ES,Espring,"[-1.7456000000000025, 28.735599999999998]"
B09FLKHDTW,US,Espring,"[0.06011293906976727, 21.031456710930236]"
B09GY9XQ76,DE,Espring,"[-0.11379800853485088, 24.669943100995738]"
B09GY9XQ76,ES,Espring,"[0.02565164433617553, 29.086272838002433]"
B09HQWG145,ES,Espring,"[-0.12667903525046417, 17.747402597402598]"
B09LV9YJM9,ES,Espring,"[2.4999999999999996, 9.989999999999998]"
B09LVB5HM6,DE,Espring,"[7.891644884168645e-32, 6.990000000000001]"
B09LVB5HM6,ES,Espring,"[0.1570588235294118, 10.068529411764704]"
B09LVBHZKQ,ES,Espring,"[-3.0, 11.989999999999998]"
B09LVCLKB2,DE,Espring,"[3.354979840905409e-32, 6.990000000000001]"
B09LVCLKB2,ES,Espring,"[3.844545454545456, 11.145454545454546]"
B09LVCNVL1,ES,Espring,"[-0.13697196261682246, 11.139214953271027]"
B09LVD47W6,DE,Espring,"[1.0777135545640947e-31, 6.990000000000002]"
B09LVD47W6,ES,Espring,"[2.630833333333333, 10.692499999999999]"
B09LVD6J4C,DE,Espring,"[-0.0, 6.990000000000002]"
B09LVD6J4C,ES,Espring,"[1.4195833333333332, 11.90375]"
B09LVD7TV4,DE,Espring,"[0.0, 6.99]"
B09LVD7TV4,ES,Espring,"[0.030000000000000145, 9.959999999999999]"
B09LVDNG6S,ES,Espring,"[0.3324999999999999, 8.6575]"
B09LVF7X3D,DE,Espring,"[-0.0, 6.990000000000001]"
B09LVF7X3D,ES,Espring,"[-2.5, 12.489999999999998]"
B09M76QR53,DE,Espring,"[-0.05550259965337941, 14.202911611785094]"
B09M76QR53,ES,Espring,"[-1.0533015006821274, 16.539863574351976]"
B09M77GSNH,DE,Espring,"[-0.17857142857142858, 8.525714285714287]"
B09M77GSNH,ES,Espring,"[-0.004166666666666581, 8.520688405797104]"
B09Q39B21F,US,Espring,"[-0.07762470127677562, 14.991112527888948]"
B09Q39MJQT,US,Espring,"[-0.46151441059701476, 13.64943631641791]"
B09Q3B7KNC,US,Espring,"[-0.02669403142727284, 8.245075182927273]"
B09Q3BRSPV,US,Espring,"[-0.49789413521052595, 18.60497035431579]"
B09R83JDGN,DE,Espring,"[0.0, 28.99]"
B09WJ1JKWP,DE,Espring,"[0.0, 19.49]"
B09WNXM8T7,DE,Espring,"[-0.19435530085959865, 29.515902578796563]"
